date,common_name,total_length,tail_length,hf_length,ear_length,weight,sex,age
2016-07-22,prairie vole,NA,33,19,NA,44,f,a
2016-07-23,prairie vole,NA,38,19,NA,38,m,a
2016-07-23,prairie vole,NA,26,17,NA,12,m,juv
2016-07-23,prairie vole,NA,28,17,NA,10,f,juv
2016-07-23,prairie vole,NA,35,19,NA,48,f,a
2016-07-23,prairie vole,NA,40,20,NA,45,m,a
2016-07-23,prairie vole,NA,NA,NA,NA,NA,NA,NA
2016-07-21,prairie vole,NA,34,20,13,34,f,a
2016-07-22,prairie vole,NA,38,20,NA,40,m,a
2016-07-22,prairie vole,NA,NA,NA,NA,NA,NA,NA
2016-07-22,prairie vole,NA,34,20,NA,38,f,a
2016-07-23,prairie vole,NA,NA,NA,NA,NA,NA,NA
2016-07-22,prairie vole,NA,33,20,NA,37,m,a
2016-07-23,prairie vole,NA,NA,NA,NA,NA,NA,NA
2016-07-22,prairie vole,NA,31,19,NA,30,m,a
2016-07-23,prairie vole,NA,34,18,NA,36,m,a
2016-07-22,prairie vole,NA,32,19,NA,25,f,a
2016-07-22,prairie vole,NA,35,19,NA,40,m,a
2016-07-29,prairie vole,150,36,14,21,37,f,a
2016-07-27,prairie vole,130,31,16,20,26.1,f,juv
2016-07-29,prairie vole,133,33,14,19,24.4,f,sa
2016-08-04,prairie vole,NA,NA,NA,NA,44,m,a
2016-08-05,prairie vole,NA,NA,NA,NA,NA,m,a
2016-07-15,prairie vole,125,30,12,19,24.2,m,juv
2016-07-13,prairie vole,160,35,15,20,49.6,f,a
2016-07-15,prairie vole,130,34,13,20,22.2,f,juv
2016-07-13,prairie vole,134,29,14,19,25.1,f,sa
2016-07-14,prairie vole,155,35,15,19,41.1,m,a
2016-07-14,prairie vole,149,33,15,19,35.6,f,a
2016-07-21,prairie vole,NA,37,21,NA,28,f,a
2016-07-23,prairie vole,NA,NA,NA,NA,NA,NA,NA
2016-07-22,prairie vole,NA,30,11,19,25,m,a
2016-07-12,prairie vole,123,32,12,18,24.5,m,a
2016-07-13,prairie vole,142,31,14,18,36.8,f,a
2016-07-12,prairie vole,149,35,13,21,36.4,m,a
2016-07-13,prairie vole,111,25,13,17,14.3,f,sa
2016-07-14,prairie vole,111,29,14,18,15.1,f,sa
2016-07-21,prairie vole,NA,32,20,NA,30,f,a
2016-07-22,prairie vole,NA,NA,NA,NA,NA,NA,NA
2016-07-23,prairie vole,NA,NA,NA,NA,NA,NA,NA
2016-07-20,prairie vole,NA,29,18,13,18,f,juv
2016-07-22,prairie vole,NA,27,18,NA,18,m,sa
2016-07-23,prairie vole,NA,32,18,NA,NA,m,a
2016-07-22,prairie vole,NA,30,20,NA,34,f,a
2016-07-28,prairie vole,144,37,15,20,40.1,m,a
2016-07-26,prairie vole,128,28,14,20,22.6,f,juv
2016-07-27,prairie vole,115,27,14,20,23.2,f,juv
2016-07-26,prairie vole,149,39,15,21,43,f,sa
2016-07-27,prairie vole,145,36,15,20,33.8,m,a
2016-07-27,prairie vole,149,39,16,20,49.7,f,a
2016-07-29,prairie vole,119,29,13,20,21.8,f,juv
2016-07-28,prairie vole,160,41,14,20,43.3,f,a
2016-07-29,prairie vole,164,44,14,21,42,m,a
2016-07-13,prairie vole,141,27,16,19,31.2,m,a
2016-07-15,prairie vole,99,22,10,18,10.8,m,juv
2016-07-15,prairie vole,150,34,14,20,34.5,f,a
2016-07-13,prairie vole,146,32,15,17,34.7,f,a
2016-07-14,prairie vole,155,36,16,20,37.4,m,a
2016-07-15,prairie vole,147,40,12,20,31.1,m,a
2016-07-14,prairie vole,148,36,16,18,36.2,m,a
2016-07-13,prairie vole,140,29,13,20,35.5,f,a
2016-07-22,prairie vole,NA,35,19,NA,41,m,a
2016-07-22,prairie vole,NA,NA,NA,NA,NA,NA,NA
2016-07-23,prairie vole,NA,NA,NA,NA,NA,NA,NA
2016-07-20,prairie vole,NA,33,20,NA,47,f,a
2016-07-21,prairie vole,NA,NA,NA,NA,NA,NA,NA
2016-07-21,prairie vole,NA,26,18,NA,18,m,juv
2016-07-22,prairie vole,NA,37,19,NA,48,m,a
2016-07-23,prairie vole,NA,NA,NA,NA,NA,NA,NA
2016-07-21,prairie vole,NA,36,22,NA,39,m,a
2016-07-22,prairie vole,NA,NA,NA,NA,NA,NA,NA
2016-07-23,prairie vole,NA,NA,NA,NA,NA,NA,NA
2016-07-21,prairie vole,NA,34,20,NA,42,f,a
2016-07-23,prairie vole,NA,NA,18,NA,31,f,a
2016-07-23,prairie vole,NA,33,18,NA,41,m,a
2016-07-20,prairie vole,NA,30,21,13,33,f,a
2016-07-21,prairie vole,NA,34,20,NA,40,m,a
2016-07-22,prairie vole,NA,NA,NA,NA,NA,NA,NA
2016-07-23,prairie vole,NA,NA,NA,NA,NA,NA,NA
2016-07-23,prairie vole,112,26,19,10,17,m,juv
2016-07-20,prairie vole,142,31,19,10,39.4,f,a
2016-07-21,prairie vole,145,33,21,13,37.5,m,a
2016-07-21,prairie vole,NA,NA,NA,NA,NA,f,a
2016-07-23,prairie vole,129,33,18,9,29,m,a
2016-07-21,prairie vole,140,34,19,10,41,m,a
2016-07-22,prairie vole,145,34,20,12,29,m,a
2016-08-04,white-footed mouse,NA,NA,NA,NA,21,f,a
2016-08-05,white-footed mouse,NA,NA,NA,NA,NA,NA,NA
2016-08-04,white-footed mouse,NA,NA,NA,NA,21,f,a
2016-08-02,white-footed mouse,NA,NA,NA,NA,20,f,a
2016-08-04,white-footed mouse,NA,NA,NA,NA,NA,f,a
2016-08-02,white-footed mouse,NA,NA,NA,NA,40,f,a
2016-08-03,white-footed mouse,NA,NA,NA,NA,NA,NA,NA
2016-08-04,white-footed mouse,NA,NA,NA,NA,22,f,a
2016-08-05,white-footed mouse,NA,NA,NA,NA,NA,m,a
2016-08-03,white-footed mouse,NA,NA,NA,NA,20,f,a
2016-08-04,white-footed mouse,NA,NA,NA,NA,NA,NA,NA
2016-08-02,white-footed mouse,NA,NA,NA,NA,25,m,a
2016-08-03,white-footed mouse,NA,NA,NA,NA,32,m,a
2016-08-03,white-footed mouse,NA,NA,NA,NA,NA,NA,NA
2016-08-04,white-footed mouse,NA,NA,NA,NA,21,f,a
2016-08-02,white-footed mouse,NA,NA,NA,NA,28,m,a
2016-08-05,white-footed mouse,NA,NA,NA,NA,NA,m,a
2016-08-04,white-footed mouse,NA,NA,NA,NA,NA,m,a
2016-08-05,white-footed mouse,NA,NA,NA,NA,NA,NA,NA
2016-08-03,white-footed mouse,NA,NA,NA,NA,30,f,a
2016-08-04,white-footed mouse,NA,NA,NA,NA,25,m,a
2016-08-05,white-footed mouse,NA,NA,NA,NA,NA,NA,NA
2016-08-04,white-footed mouse,NA,NA,NA,NA,19,f,sa
2016-08-05,white-footed mouse,NA,NA,NA,NA,NA,NA,NA
2016-08-02,white-footed mouse,NA,NA,NA,NA,27,m,a
2016-08-04,white-footed mouse,NA,NA,NA,NA,NA,m,a
2016-08-04,white-footed mouse,NA,NA,NA,NA,21,f,a
2016-08-05,white-footed mouse,NA,NA,NA,NA,NA,NA,NA
2016-08-02,white-footed mouse,NA,NA,NA,NA,17,f,juv
2016-08-02,white-footed mouse,NA,NA,NA,NA,27,m,a
2016-08-03,white-footed mouse,NA,NA,NA,NA,26,m,a
2016-08-03,white-footed mouse,NA,NA,NA,NA,NA,NA,juv
2016-08-04,white-footed mouse,NA,NA,NA,NA,NA,m,sa
2016-08-05,white-footed mouse,NA,NA,NA,NA,NA,NA,NA
2016-08-05,white-footed mouse,NA,NA,NA,NA,NA,NA,NA
2016-07-13,white-footed mouse,182,76,22,23,30.8,m,a
2016-07-14,white-footed mouse,170,71,16,22,20.1,m,a
2016-07-12,white-footed mouse,176,76,17,73,31.8,m,a
2016-07-13,white-footed mouse,177,78,18,22,24.4,m,a
2016-07-12,white-footed mouse,169,77,17,22,27.6,f,a
2016-07-14,white-footed mouse,166,74,17,22,21.1,m,a
2016-07-15,white-footed mouse,170,76,17,23,29.2,f,a
2016-07-12,white-footed mouse,166,75,18,23,23.5,f,a
2016-07-15,white-footed mouse,170,81,19,23,20.7,f,a
2016-07-12,white-footed mouse,177,78,17,22,27.8,m,a
2016-07-12,white-footed mouse,172,82,17,22,22.6,f,a
2016-07-13,white-footed mouse,183,75,20,23,35.5,m,a
2016-07-13,white-footed mouse,176,79,18,22,22.7,f,a
2016-07-14,white-footed mouse,180,83,18,23,25.4,m,a
2016-07-15,white-footed mouse,165,76,18,22,19.2,f,a
2016-07-12,white-footed mouse,160,69,17,22,29,m,a
2016-07-13,white-footed mouse,175,77,18,22,25.1,m,a
2016-07-14,white-footed mouse,180,81,19,21,30.7,m,a
2016-07-12,white-footed mouse,164,76,17,22,27.8,m,a
2016-07-15,white-footed mouse,163,80,16,22,25.1,m,a
2016-07-13,white-footed mouse,171,75,17,73,22,f,a
2016-07-12,white-footed mouse,171,84,18,23,30.7,m,a
2016-07-12,white-footed mouse,172,79,17,21,22.1,f,a
2016-07-14,white-footed mouse,180,80,16,22,28.6,m,a
2016-07-12,white-footed mouse,180,87,18,23,32.8,f,a
2016-07-15,white-footed mouse,186,88,17,22,36.5,f,a
2016-07-12,white-footed mouse,182,84,19,23,38.9,m,a
2016-07-13,white-footed mouse,173,75,18,22,25.9,f,a
2016-07-14,white-footed mouse,186,81,19,23,32.4,f,a
2016-07-12,white-footed mouse,185,83,18,24,32.9,f,a
2016-07-13,white-footed mouse,174,73,17,23,20.7,m,a
2016-07-13,white-footed mouse,166,70,18,21,22.3,m,a
2016-07-14,white-footed mouse,180,80,19,22,31.2,f,a
2016-07-13,white-footed mouse,172,69,18,22,30,m,a
2016-07-13,white-footed mouse,177,80,19,22,25.8,f,a
2016-07-13,white-footed mouse,179,83,18,24,33.6,m,a
2016-07-21,white-footed mouse,NA,78,23,NA,33,m,a
2016-07-23,white-footed mouse,NA,77,21,15,19,f,a
2016-07-22,white-footed mouse,NA,71,17,21,18,f,a
2016-07-23,white-footed mouse,NA,NA,NA,NA,NA,NA,NA
2016-07-23,white-footed mouse,NA,NA,NA,NA,NA,NA,NA
2016-07-22,white-footed mouse,NA,76,22,16,25,m,a
2016-07-27,white-footed mouse,180,77,16,23,33.8,m,a
2016-07-27,white-footed mouse,195,86,17,23,39.8,f,a
2016-07-26,white-footed mouse,192,89,16,23,30.7,f,a
2016-07-28,white-footed mouse,157,70,16,21,23.3,m,a
2016-07-26,white-footed mouse,175,77,18,24,22.6,m,a
2016-07-27,white-footed mouse,155,72,15,22,18.2,f,juv
2016-07-29,white-footed mouse,179,90,16,23,32.5,m,a
2016-07-28,white-footed mouse,171,85,18,22,22.1,m,a
2016-07-27,white-footed mouse,166,76,18,23,22.5,f,a
2016-08-02,white-footed mouse,NA,84,23,NA,25,m,a
2016-08-03,white-footed mouse,NA,NA,NA,NA,NA,m,a
2016-08-04,white-footed mouse,NA,NA,NA,NA,NA,NA,NA
2016-08-02,white-footed mouse,NA,NA,NA,NA,36,f,a
2016-08-03,white-footed mouse,NA,NA,NA,NA,NA,NA,a
2016-08-04,white-footed mouse,NA,NA,NA,NA,NA,f,a
2016-08-05,white-footed mouse,NA,NA,NA,NA,NA,NA,NA
2016-08-05,white-footed mouse,NA,NA,NA,NA,NA,m,a
2016-07-26,white-footed mouse,170,84,17,24,22.5,f,a
2016-07-26,white-footed mouse,171,80,18,23,26.2,m,a
2016-07-26,white-footed mouse,155,68,16,23,21.1,m,sa
2016-07-13,white-footed mouse,171,74,16,22,24.9,m,a
2016-07-20,white-footed mouse,NA,81,22,17,23,f,a
2016-07-21,white-footed mouse,NA,NA,NA,NA,NA,NA,NA
2016-07-22,white-footed mouse,NA,72,22,16,19,m,a
2016-07-23,white-footed mouse,NA,NA,NA,NA,NA,NA,NA
2016-07-23,white-footed mouse,NA,NA,NA,NA,NA,NA,NA
2016-07-20,white-footed mouse,NA,89,23,16,29,m,a
2016-07-21,white-footed mouse,NA,NA,NA,NA,NA,NA,NA
2016-07-22,white-footed mouse,NA,NA,NA,NA,NA,NA,NA
2016-07-22,white-footed mouse,NA,NA,NA,NA,NA,NA,NA
2016-07-20,white-footed mouse,167,78,23,14,24,m,a
2016-07-21,white-footed mouse,165,75,22,16,25,m,a
2016-07-23,white-footed mouse,163,75,22,15,20,f,a
2016-07-21,deer mouse,NA,59,20,14,14,m,a
2016-07-23,deer mouse,NA,63,19,NA,15,f,a
2016-07-20,deer mouse,NA,56,19,14,16,m,a
2016-07-21,deer mouse,NA,62,18,14,17.5,m,a
2016-07-22,deer mouse,NA,NA,NA,NA,NA,NA,NA
2016-07-23,deer mouse,NA,NA,NA,NA,NA,NA,NA
2016-07-20,deer mouse,NA,60,19,14,19,m,a
2016-07-21,deer mouse,NA,57,18,14,13.5,f,a
2016-07-21,deer mouse,NA,NA,NA,NA,NA,NA,NA
2016-07-22,deer mouse,NA,NA,NA,NA,NA,NA,NA
2016-07-22,deer mouse,NA,NA,NA,NA,NA,NA,NA
2016-07-23,deer mouse,NA,NA,NA,NA,NA,NA,NA
2016-07-23,deer mouse,NA,NA,NA,NA,NA,NA,NA
2016-07-22,deer mouse,NA,60,19,15,17,f,a
2016-07-23,deer mouse,NA,NA,NA,NA,NA,NA,NA
2016-07-22,deer mouse,NA,NA,NA,NA,NA,NA,NA
2016-07-21,deer mouse,NA,58,19,14,17,m,a
2016-07-23,deer mouse,NA,NA,NA,NA,NA,NA,NA
2016-07-20,deer mouse,NA,61,20,14,16,f,a
2016-07-21,deer mouse,NA,58,19,14,16.5,m,a
2016-07-22,deer mouse,NA,NA,NA,NA,NA,NA,NA
2016-07-23,deer mouse,NA,NA,NA,NA,NA,NA,NA
2016-07-23,deer mouse,NA,NA,NA,NA,NA,NA,NA
2016-07-21,deer mouse,NA,62,19,14,18.5,m,a
2016-07-26,deer mouse,150,71,17,21,19,m,a
2016-07-27,deer mouse,154,65,16,19,17.2,f,a
2016-07-28,deer mouse,148,69,16,20,15.7,m,a
2016-07-27,deer mouse,142,57,16,18,15.8,m,a
2016-07-29,deer mouse,146,60,14,20,18.7,m,a
2016-07-26,deer mouse,148,66,15,20,17.4,m,a
2016-07-27,deer mouse,147,62,15,19,18.2,m,a
2016-07-27,deer mouse,151,62,16,19,17.6,m,a
2016-07-26,deer mouse,157,61,17,20,17.8,f,a
2016-07-28,deer mouse,159,71,15,20,18.5,m,a
2016-07-27,deer mouse,149,62,16,20,23.1,m,a
2016-07-28,deer mouse,NA,NA,NA,NA,NA,f,a
2016-07-12,deer mouse,136,57,16,19,13.6,f,a
2016-07-12,deer mouse,169,55,15,19,16.1,m,a
2016-07-21,deer mouse,NA,62,19,NA,17.5,f,a
2016-07-13,deer mouse,141,60,15,19,17.6,m,a
2016-07-12,deer mouse,139,55,15,19,17.9,m,a
2016-07-14,deer mouse,136,55,18,19,15.3,f,a
2016-07-13,deer mouse,148,57,17,18,16.3,m,a
2016-07-14,deer mouse,153,61,17,20,20.7,m,a
2016-07-12,deer mouse,136,57,14,19,14.5,f,a
2016-07-13,deer mouse,143,59,17,19,21.5,m,a
2016-07-13,deer mouse,143,55,16,19,15.6,m,a
2016-08-04,deer mouse,NA,NA,NA,NA,NA,NA,NA
2016-08-05,deer mouse,NA,NA,NA,NA,NA,NA,NA
2016-08-02,deer mouse,NA,NA,NA,NA,14,f,a
2016-08-03,deer mouse,NA,NA,NA,NA,14,f,a
2016-08-03,deer mouse,NA,NA,NA,NA,20,m,a
2016-08-04,deer mouse,NA,NA,NA,NA,NA,NA,NA
2016-08-02,deer mouse,NA,NA,NA,NA,19,m,a
2016-08-05,deer mouse,NA,NA,NA,NA,NA,NA,NA
2016-08-05,deer mouse,NA,NA,NA,NA,NA,NA,NA
2016-08-04,deer mouse,NA,NA,NA,NA,16.5,f,a
2016-08-05,deer mouse,NA,NA,NA,NA,NA,NA,NA
2016-07-21,deer mouse,NA,58,19,15,19,m,a
2016-07-23,deer mouse,NA,58,19,NA,15,f,a
2016-07-21,deer mouse,NA,58,20,14,16,f,a
2016-07-23,deer mouse,NA,NA,NA,NA,NA,NA,NA
2016-07-20,cotton rat,NA,114,34,22,145,m,a
2016-07-22,cotton rat,NA,NA,NA,NA,NA,NA,NA
2016-07-21,cotton rat,NA,111,32,79,125,m,a
2016-07-21,cotton rat,NA,NA,NA,NA,NA,NA,NA
2016-07-23,cotton rat,NA,65,23,NA,22,m,juv
2016-08-04,cotton rat,NA,NA,NA,NA,NA,NA,NA
2016-08-05,cotton rat,NA,NA,NA,NA,NA,m,a
2016-08-03,cotton rat,NA,NA,NA,NA,100,f,a
2016-08-05,cotton rat,NA,NA,NA,NA,NA,m,a
2016-08-02,cotton rat,NA,NA,NA,NA,140,f,a
2016-08-04,cotton rat,NA,NA,NA,NA,NA,NA,NA
2016-08-05,cotton rat,NA,NA,NA,NA,NA,m,a
2016-08-04,cotton rat,NA,NA,NA,NA,56,m,sa
2016-08-04,cotton rat,NA,NA,NA,NA,NA,f,sa
2016-07-13,cotton rat,265,109,20,31,119.2,f,a
2016-07-13,cotton rat,172,72,17,24,29.5,m,sa
2016-07-14,cotton rat,251,105,19,31,102.8,f,a
2016-07-13,cotton rat,183,75,17,23,34.3,f,sa
2016-07-15,cotton rat,242,106,20,30,93.8,f,a
2016-07-12,cotton rat,250,110,19,30,83.2,f,a
2016-07-15,cotton rat,162,74,16,25,23.5,m,juv
2016-07-15,cotton rat,186,78,17,28,36.6,m,juv
2016-07-12,cotton rat,180,81,17,27,33.2,m,a
2016-07-12,cotton rat,257,118,19,31,93.5,m,a
2016-07-14,cotton rat,243,94,19,31,86.9,m,a
2016-07-14,cotton rat,186,78,18,27,35,f,sa
2016-07-14,cotton rat,265,93,20,28,185.2,f,a
2016-07-20,cotton rat,NA,105,31,16,120,f,a
2016-07-22,cotton rat,NA,NA,NA,NA,NA,NA,NA
2016-07-23,cotton rat,NA,NA,NA,NA,NA,NA,NA
2016-07-14,cotton rat,235,100,18,29,68.7,f,a
2016-07-15,cotton rat,243,107,18,31,86.1,m,a
2016-07-20,cotton rat,NA,115,30,20,125,m,a
2016-07-21,cotton rat,NA,106,31,20,140,m,a
2016-07-21,cotton rat,NA,100,29,18,97,f,a
2016-07-22,cotton rat,NA,NA,NA,NA,NA,NA,NA
2016-07-23,cotton rat,NA,NA,NA,NA,NA,NA,NA
2016-07-23,cotton rat,NA,110,31,NA,110,m,a
2016-07-29,cotton rat,199,90,20,28,35.8,m,juv
2016-07-26,cotton rat,183,78,17,26,33.6,m,juv
2016-07-29,cotton rat,146,63,15,23,19.2,f,juv
2016-07-28,cotton rat,196,88,19,29,44.2,m,sa
2016-07-28,cotton rat,186,76,17,27,34.6,m,sa
2016-07-29,cotton rat,197,89,17,28,41.9,m,sa
2016-07-26,cotton rat,187,82,18,26,33.6,m,juv
2016-07-27,cotton rat,278,126,22,31,136.2,f,a
2016-07-29,cotton rat,185,78,18,26,33.7,m,juv
2016-07-26,cotton rat,229,98,20,30,81.5,m,a
2016-07-27,cotton rat,192,84,18,28,38.6,f,juv
2016-07-27,cotton rat,198,87,18,29,40.1,m,sa
2016-07-28,cotton rat,265,105,19,30,141.3,m,a
2016-07-28,cotton rat,199,86,19,29,45.7,m,sa
2016-07-29,cotton rat,193,89,20,28,40.2,f,juv
2016-07-29,cotton rat,201,89,19,27,43.2,m,sa
2016-07-26,cotton rat,259,108,18,31,108.4,m,a
2016-07-28,cotton rat,270,95,20,31,167.1,m,a
2016-07-27,cotton rat,278,118,20,31,133.4,f,a
2016-07-28,cotton rat,232,103,19,30,77.9,f,a
2016-07-28,cotton rat,198,86,19,29,44.2,m,sa
2016-07-27,cotton rat,173,78,16,27,30.3,f,juv
2016-07-29,cotton rat,261,115,22,31,123.5,f,a
2016-07-29,cotton rat,185,80,18,27,37.2,m,juv
2016-07-28,cotton rat,250,104,19,32,94.2,m,a
2016-07-29,cotton rat,143,62,16,28,20.1,m,juv
2016-07-27,cotton rat,187,81,19,27,37.4,m,sa
2016-07-27,cotton rat,139,63,16,23,16.1,f,NA
2016-07-29,cotton rat,243,104,21,33,146,f,a
2016-07-29,cotton rat,139,61,15,24,17.9,f,juv
2016-07-26,cotton rat,215,94,20,31,65.9,m,a
2016-07-29,cotton rat,142,65,15,23,15.34,f,juv
2016-07-29,cotton rat,199,85,19,27,47.8,f,sa
2016-08-05,cotton rat,NA,NA,NA,NA,NA,NA,NA
2016-08-05,cotton rat,NA,NA,NA,NA,NA,NA,NA
2016-08-05,cotton rat,NA,NA,NA,NA,NA,NA,NA
2016-08-02,cotton rat,NA,NA,NA,NA,170,f,a
2016-08-04,cotton rat,NA,NA,NA,NA,NA,m,a
2016-08-05,cotton rat,NA,NA,NA,NA,NA,m,a
2016-08-03,cotton rat,NA,NA,NA,NA,160,f,a
2016-08-04,cotton rat,NA,NA,NA,NA,NA,m,juv
2016-08-05,cotton rat,NA,NA,NA,NA,NA,NA,NA
2016-08-05,cotton rat,NA,NA,NA,NA,NA,NA,NA
2016-08-02,cotton rat,NA,NA,NA,NA,40,f,juv
2016-08-03,cotton rat,NA,NA,NA,NA,165,m,a
2016-08-04,cotton rat,NA,NA,NA,NA,NA,m,juv
2016-08-05,cotton rat,NA,NA,NA,NA,NA,NA,NA
2016-08-03,cotton rat,NA,NA,NA,NA,41,m,juv
2016-08-03,cotton rat,NA,NA,NA,NA,NA,NA,NA
2016-08-03,cotton rat,NA,NA,NA,NA,140,m,a
2016-08-04,cotton rat,NA,NA,NA,NA,NA,m,a
2016-08-02,cotton rat,NA,NA,NA,NA,NA,f,a
2016-08-05,cotton rat,NA,NA,NA,NA,NA,m,a
2016-08-02,cotton rat,NA,NA,NA,NA,20,m,juv
2016-08-03,cotton rat,NA,NA,NA,NA,44,m,juv
2016-08-04,cotton rat,NA,NA,NA,NA,NA,m,juv
2016-08-04,cotton rat,NA,NA,NA,NA,NA,m,juv
2016-08-05,cotton rat,NA,NA,NA,NA,NA,NA,NA
2016-08-05,cotton rat,NA,NA,NA,NA,NA,NA,NA
2016-08-03,cotton rat,NA,NA,NA,NA,NA,NA,NA
2016-08-03,cotton rat,NA,NA,NA,NA,NA,NA,NA
2016-08-04,cotton rat,NA,NA,NA,NA,NA,f,juv
2016-08-05,cotton rat,NA,NA,NA,NA,NA,NA,NA
2016-08-05,cotton rat,NA,NA,NA,NA,NA,NA,NA
2016-08-02,cotton rat,NA,NA,NA,NA,23,f,juv
2016-08-03,cotton rat,NA,NA,NA,NA,NA,NA,NA
2016-08-03,cotton rat,NA,NA,NA,NA,25,f,juv
2016-08-04,cotton rat,NA,NA,NA,NA,NA,m,a
2016-08-04,cotton rat,NA,NA,NA,NA,NA,NA,NA
2016-08-05,cotton rat,NA,NA,NA,NA,NA,NA,NA
2016-08-03,cotton rat,NA,NA,NA,NA,NA,m,juv
2016-08-04,cotton rat,NA,NA,NA,NA,25,m,juv
2016-08-02,cotton rat,NA,NA,NA,NA,80,m,sa
2016-08-03,cotton rat,NA,NA,NA,NA,28,f,juv
2016-08-03,cotton rat,NA,NA,NA,NA,NA,m,juv
2016-08-05,cotton rat,NA,NA,NA,NA,NA,NA,NA
2016-08-02,cotton rat,NA,NA,NA,NA,33,m,juv
2016-08-02,cotton rat,NA,NA,NA,NA,60,f,sa
2016-08-03,cotton rat,NA,NA,NA,NA,37,m,juv
2016-08-04,cotton rat,NA,NA,NA,NA,65,f,sa
2016-08-05,cotton rat,NA,NA,NA,NA,NA,NA,NA
2016-08-05,cotton rat,NA,NA,NA,NA,NA,NA,NA
2016-08-02,cotton rat,NA,NA,NA,NA,210,f,a
2016-08-02,cotton rat,NA,NA,NA,NA,150,m,a
2016-08-02,cotton rat,NA,NA,NA,NA,25,f,juv
2016-08-04,cotton rat,NA,NA,NA,NA,NA,NA,NA
2016-08-04,cotton rat,NA,NA,NA,NA,NA,NA,NA
2016-08-05,cotton rat,NA,NA,NA,NA,NA,NA,NA
2016-08-04,cotton rat,NA,NA,NA,NA,NA,m,a
2016-08-04,cotton rat,NA,NA,NA,NA,NA,f,sa
2016-08-05,cotton rat,NA,NA,NA,NA,NA,NA,NA
2016-08-05,cotton rat,NA,NA,NA,NA,NA,NA,NA
2016-07-28,cotton rat,264,116,20,30,130,f,a
2016-07-26,cotton rat,265,108,20,31,156.7,f,a
2016-07-27,cotton rat,210,99,19,29,49.6,f,sa
2016-07-29,cotton rat,202,91,20,28,46.2,m,sa
2016-07-26,cotton rat,191,82,19,29,45,f,juv
2016-07-28,cotton rat,212,91,18,29,58.3,m,sa
2016-07-27,cotton rat,181,85,19,26,35.7,m,sa
2016-07-27,cotton rat,199,86,19,28,38.8,m,sa
2016-08-05,cotton rat,NA,NA,NA,NA,NA,f,a
2016-07-15,cotton rat,257,121,19,31,91,m,a
2016-08-02,cotton rat,NA,NA,NA,NA,75,f,sa
2016-08-04,cotton rat,NA,NA,NA,NA,NA,f,sa
2016-08-04,cotton rat,NA,NA,NA,NA,NA,m,a
2016-08-05,cotton rat,NA,NA,NA,NA,NA,NA,NA
2016-08-05,cotton rat,NA,NA,NA,NA,NA,NA,NA
2016-08-02,cotton rat,NA,NA,NA,NA,140,f,a
2016-08-05,cotton rat,NA,NA,NA,NA,NA,f,a
2016-08-03,cotton rat,NA,NA,NA,NA,125,m,a
2016-08-05,cotton rat,NA,NA,NA,NA,NA,m,juv
2016-07-20,cotton rat,NA,115,32,20,145,f,a
2016-07-21,cotton rat,NA,NA,NA,NA,NA,NA,NA
2016-07-22,cotton rat,NA,NA,NA,NA,NA,NA,NA
2016-07-23,cotton rat,NA,111,32,NA,100,m,a
2016-07-21,cotton rat,250,100,30,19,105.5,m,a
2016-07-22,cotton rat,212,94,30,17,54,m,juv
2017-05-29,deer mouse,NA,62,19,NA,19.5,f,a
2017-05-29,deer mouse,NA,58,19,13,16,m,a
2017-05-29,prairie vole,NA,20,15,10,36,m,a
2017-05-29,white-footed mouse,NA,74,22,16,22,f,a
2017-05-29,white-footed mouse,NA,77,22,18,29,m,a
2017-05-29,white-footed mouse,NA,74,23,17,28,m,a
2017-05-29,white-footed mouse,NA,74,21,NA,18,m,a
2017-05-29,deer mouse,NA,60,20,16,16.5,m,a
2017-05-29,deer mouse,NA,60,19,NA,15.5,m,a
2017-05-29,prairie vole,NA,39,18,11,40,f,a
2017-05-29,deer mouse,NA,63,18,14,17,m,a
2017-05-30,deer mouse,NA,55,18,NA,17,m,a
2017-05-30,deer mouse,NA,NA,NA,NA,NA,m,a
2017-05-30,white-footed mouse,NA,68,20,NA,15.5,f,juv
2017-05-30,white-footed mouse,NA,77,21,NA,27,f,a
2017-05-30,white-footed mouse,NA,NA,NA,NA,NA,m,a
2017-05-30,white-footed mouse,NA,NA,NA,NA,NA,f,a
2017-05-30,deer mouse,NA,NA,NA,NA,NA,m,a
2017-05-30,prairie vole,NA,30,18,NA,33,f,a
2017-05-30,deer mouse,NA,NA,NA,NA,NA,m,a
2017-05-30,cotton rat,NA,71,23,NA,28,m,juv
2017-05-30,cotton rat,NA,60,21,NA,18,m,juv
2017-06-01,deer mouse,NA,61,18,NA,17,m,a
2017-06-01,deer mouse,NA,61,19,NA,18,f,a
2017-06-01,deer mouse,NA,55,18,NA,16.5,m,a
2017-06-01,deer mouse,NA,NA,NA,NA,NA,m,a
2017-06-01,deer mouse,NA,NA,NA,NA,NA,f,a
2017-06-01,deer mouse,NA,NA,NA,NA,NA,m,a
2017-06-01,white-footed mouse,NA,78,23,NA,32,f,a
2017-06-01,white-footed mouse,NA,73,21,NA,19.5,m,a
2017-06-01,white-footed mouse,NA,70,19,NA,18,m,juv
2017-06-01,white-footed mouse,NA,NA,NA,NA,NA,f,a
2017-06-01,white-footed mouse,NA,NA,NA,NA,NA,m,a
2017-06-01,white-footed mouse,NA,NA,NA,NA,NA,m,a
2017-06-01,white-footed mouse,NA,NA,NA,NA,NA,f,juv
2017-06-01,white-footed mouse,NA,NA,NA,NA,NA,f,a
2017-06-01,deer mouse,NA,NA,NA,NA,NA,m,a
2017-06-01,deer mouse,NA,NA,NA,NA,NA,m,a
2017-06-01,cotton rat,NA,109,30,NA,130,m,a
2017-06-01,cotton rat,NA,68,23,NA,25,f,juv
2017-06-01,cotton rat,NA,110,32,NA,145,m,a
2017-06-01,cotton rat,NA,NA,NA,NA,NA,n,NA
2017-06-01,cotton rat,NA,109,31,NA,150,f,a
2017-06-01,cotton rat,NA,93,30,NA,145,f,a
2017-06-01,cotton rat,NA,68,26,NA,27,f,juv
2017-06-01,cotton rat,NA,101,31,NA,140,f,a
2017-06-01,cotton rat,NA,110,31,NA,135,m,a
2017-06-01,cotton rat,NA,66,26,NA,31,f,juv
2017-06-01,cotton rat,NA,68,25,NA,28,f,juv
2017-06-01,cotton rat,NA,103,30,NA,110,m,a
2017-06-01,prairie vole,NA,30,18,NA,29,m,a
2017-06-01,prairie vole,NA,NA,NA,NA,NA,f,a
2017-06-01,deer mouse,NA,55,19,NA,16.5,f,a
2017-06-01,deer mouse,NA,NA,NA,NA,NA,m,a
2017-06-01,cotton rat,NA,95,30,NA,120,f,a
2017-06-01,cotton rat,NA,69,25,NA,32,m,juv
2017-06-01,cotton rat,NA,NA,NA,NA,NA,n,juv
2017-06-02,deer mouse,NA,58,18,NA,15,f,a
2017-06-02,deer mouse,NA,NA,NA,NA,NA,m,a
2017-06-02,deer mouse,NA,NA,NA,NA,NA,m,a
2017-06-02,deer mouse,NA,NA,NA,NA,NA,m,a
2017-06-02,deer mouse,NA,NA,NA,NA,NA,m,a
2017-06-02,white-footed mouse,NA,NA,NA,NA,NA,f,a
2017-06-02,white-footed mouse,NA,NA,NA,NA,NA,m,a
2017-06-02,white-footed mouse,NA,NA,NA,NA,NA,m,a
2017-06-02,white-footed mouse,NA,NA,NA,NA,NA,f,a
2017-06-02,white-footed mouse,NA,NA,NA,NA,NA,m,a
2017-06-02,white-footed mouse,NA,NA,NA,NA,NA,f,juv
2017-06-02,white-footed mouse,NA,84,22,NA,26.5,f,a
2017-06-02,deer mouse,NA,NA,NA,NA,NA,m,a
2017-06-02,cotton rat,NA,120,30,NA,150,m,a
2017-06-02,cotton rat,NA,NA,NA,NA,NA,m,a
2017-06-02,cotton rat,NA,NA,NA,NA,NA,m,a
2017-06-02,white-footed mouse,NA,70,21,NA,27,m,a
2017-06-02,cotton rat,NA,63,22,NA,24,m,juv
2017-06-02,cotton rat,NA,62,23,NA,28,f,juv
2017-06-02,cotton rat,NA,108,31,NA,135,m,a
2017-06-02,cotton rat,NA,104,32,NA,150,m,a
2017-06-02,cotton rat,NA,102,30,NA,105,f,a
2017-06-02,cotton rat,NA,63,24,NA,23,m,juv
2017-06-02,cotton rat,NA,NA,NA,NA,NA,f,juv
2017-06-02,cotton rat,NA,NA,NA,NA,NA,f,a
2017-06-02,cotton rat,NA,NA,NA,NA,NA,m,a
2017-06-02,cotton rat,NA,NA,NA,NA,150,f,a
2017-06-02,prairie vole,NA,33,18,NA,40,f,a
2017-06-02,prairie vole,NA,33,20,NA,40,f,a
2017-06-02,prairie vole,NA,NA,NA,NA,NA,m,a
2017-06-02,deer mouse,NA,NA,NA,NA,NA,f,a
2017-06-02,cotton rat,NA,55,22,NA,19,m,juv
2017-06-02,cotton rat,NA,NA,NA,NA,NA,m,juv
2017-06-02,cotton rat,NA,105,30,NA,115,m,a
2017-06-06,white-footed mouse,180,84,21,16,31.5,m,a
2017-06-06,white-footed mouse,193,88,22,17,31,f,a
2017-06-06,white-footed mouse,172,75,20,15,26,m,a
2017-06-06,white-footed mouse,155,49,22,19,29.4,f,NA
2017-06-06,white-footed mouse,191,80,22,17,39.2,f,NA
2017-06-06,white-footed mouse,175,78,22,46,29.1,f,a
2017-06-06,white-footed mouse,171,70,22,16,30.2,m,a
2017-06-06,white-footed mouse,172,77,22,15,33.2,f,a
2017-06-06,white-footed mouse,196,89,22,18,33.1,f,a
2017-06-06,white-footed mouse,179,79,22,15,31.2,f,a
2017-06-06,white-footed mouse,167,75,22,16,24,m,a
2017-06-06,white-footed mouse,168,70,22,14,26.3,m,a
2017-06-06,white-footed mouse,178,82,22,17,32.7,f,a
2017-06-06,white-footed mouse,167,72,21,16,26.8,m,sa
2017-06-06,cotton rat,254,98,30,16,121.2,f,a
2017-06-06,white-footed mouse,188,80,23,12,29,f,a
2017-06-06,white-footed mouse,166,71,20,17,26.5,f,a
2017-06-06,white-footed mouse,175,72,21,17,31.1,m,a
2017-06-06,white-footed mouse,164,74,22,17,19,m,a
2017-06-06,white-footed mouse,186,81,23,18,33.1,m,a
2017-06-06,deer mouse,150,60,18,16,17.3,m,a
2017-06-06,cotton rat,267,91,30,18,129.5,m,a
2017-06-06,cotton rat,259,86,29,19,133.2,f,a
2017-06-06,cotton rat,252,99,29,20,121.8,m,a
2017-06-06,deer mouse,130,48,19,15,12.8,f,sa
2017-06-06,deer mouse,133,48,17,19,15.3,f,a
2017-06-07,white-footed mouse,180,82,21,18,30.9,f,a
2017-06-07,white-footed mouse,179,73,23,18,NA,f,a
2017-06-07,white-footed mouse,185,83,21,18,33.1,m,a
2017-06-07,white-footed mouse,178,81,22,17,29.4,m,a
2017-06-07,white-footed mouse,176,79,21,18,33.2,m,a
2017-06-07,white-footed mouse,169,74,23,16,26.1,m,a
2017-06-07,white-footed mouse,173,86,21,17,25.8,m,a
2017-06-07,white-footed mouse,183,87,24,18,31.9,m,a
2017-06-07,white-footed mouse,179,79,21,17,30.6,m,a
2017-06-07,white-footed mouse,176,86,22,18,29.5,m,a
2017-06-07,cotton rat,262,110,29,21,137.9,m,a
2017-06-07,cotton rat,289,180,29,20,174.5,m,a
2017-06-07,cotton rat,283,122,32,21,225.8,f,a
2017-06-07,white-footed mouse,151,71,22,17,15.1,f,juv
2017-06-07,white-footed mouse,171,82,23,16,22.9,m,a
2017-06-07,white-footed mouse,170,79,22,19,26.6,f,a
2017-06-07,cotton rat,162,74,22,16,24.2,f,juv
2017-06-07,cotton rat,190,82,26,17,52.8,m,sa
2017-06-07,cotton rat,270,110,29,20,140.4,f,a
2017-06-07,cotton rat,268,108,28,19,121.8,f,a
2017-06-07,deer mouse,138,63,19,15,15.1,m,a
2017-06-07,deer mouse,132,52,17,13,17.2,m,a
2017-06-08,white-footed mouse,185,88,23,16,33.2,f,a
2017-06-08,white-footed mouse,147,67,21,16,17.9,m,sa
2017-06-08,white-footed mouse,167,75,21,16,28.3,f,a
2017-06-08,white-footed mouse,183,76,23,16,33.1,m,a
2017-06-08,white-footed mouse,185,76,21,16,30.3,m,a
2017-06-08,white-footed mouse,176,76,22,16,25.9,f,a
2017-06-08,white-footed mouse,202,99,22,16,32,f,a
2017-06-08,white-footed mouse,136,61,21,13,11.8,f,juv
2017-06-08,white-footed mouse,178,84,22,17,30.9,f,a
2017-06-08,cotton rat,255,105,30,18,139.9,m,a
2017-06-08,cotton rat,272,109,30,17,235.2,f,a
2017-06-08,cotton rat,NA,NA,NA,NA,NA,f,NA
2017-06-08,prairie vole,135,30,20,11,32.8,m,a
2017-06-08,white-footed mouse,149,64,21,13,14,f,juv
2017-06-08,deer mouse,150,49,17,13,12,f,sa
2017-06-08,cotton rat,250,96,29,17,148.3,m,a
2017-06-08,prairie vole,154,31,19,11,60.5,f,a
2017-06-08,prairie vole,139,29,18,9,28.5,f,sa
2017-06-08,cotton rat,274,110,31,16,127.8,m,a
2017-06-08,prairie vole,137,26,17,7,33.5,m,a
2017-06-08,deer mouse,136,53,19,14,15,m,sa
2017-06-08,deer mouse,142,60,18,13,16.3,f,a
2017-06-09,white-footed mouse,163,73,21,17,23.8,m,a
2017-06-09,white-footed mouse,164,75,23,16,26.7,m,a
2017-06-09,white-footed mouse,140,66,20,16,12.4,f,juv
2017-06-09,white-footed mouse,178,79,22,17,30.4,m,a
2017-06-09,cotton rat,241,87,26,20,124.6,m,a
2017-06-09,white-footed mouse,157,71,21,18,18.9,m,a
2017-06-09,cotton rat,279,114,31,20,171.2,m,a
2017-06-09,cotton rat,259,109,21,22,138.7,m,a
2017-06-09,prairie vole,145,38,18,13,29.7,f,a
2017-06-13,white-footed mouse,NA,64,21,NA,12,m,juv
2017-06-13,white-footed mouse,NA,54,19,NA,9,m,juv
2017-06-13,white-footed mouse,NA,88,23,NA,34,m,a
2017-06-13,white-footed mouse,NA,89,23,NA,35,f,a
2017-06-13,white-footed mouse,NA,85,24,NA,33,m,a
2017-06-13,white-footed mouse,NA,91,21,NA,34,f,a
2017-06-13,white-footed mouse,NA,87,23,NA,35,f,a
2017-06-13,cotton rat,NA,97,30,NA,159,f,a
2017-06-13,cotton rat,NA,70,25,NA,35,m,a
2017-06-13,white-footed mouse,NA,80,22,NA,20,f,a
2017-06-13,white-footed mouse,NA,69,22,NA,20,m,a
2017-06-13,white-footed mouse,NA,79,21,NA,25,f,a
2017-06-13,white-footed mouse,NA,69,22,NA,17,f,juv
2017-06-13,white-footed mouse,NA,100,21,NA,33,m,a
2017-06-13,white-footed mouse,NA,88,22,NA,34,m,a
2017-06-13,deer mouse,NA,62,19,NA,19,m,a
2017-06-13,cotton rat,NA,121,33,NA,190,f,a
2017-06-13,cotton rat,NA,84,31,NA,39,m,juv
2017-06-13,white-footed mouse,NA,68,21,NA,18,f,a
2017-06-13,white-footed mouse,NA,89,23,NA,36,m,a
2017-06-13,cotton rat,NA,104,30,NA,160,f,a
2017-06-13,white-footed mouse,NA,76,21,NA,29,m,a
2017-06-13,deer mouse,NA,57,18,NA,20,m,a
2017-06-13,deer mouse,NA,64,17,NA,23,m,a
2017-06-13,deer mouse,NA,61,17,NA,15,f,sa
2017-06-13,cotton rat,NA,91,32,NA,155,m,a
2017-06-13,cotton rat,NA,122,34,NA,170,m,a
2017-06-13,cotton rat,NA,86,29,NA,80,m,sa
2017-06-14,white-footed mouse,NA,73,21,NA,26,f,a
2017-06-14,white-footed mouse,NA,74,22,NA,24,m,a
2017-06-14,white-footed mouse,NA,NA,NA,NA,NA,m,a
2017-06-14,white-footed mouse,NA,92,21,NA,23,m,a
2017-06-14,white-footed mouse,NA,84,22,NA,34,f,a
2017-06-14,white-footed mouse,NA,75,21,NA,19.5,m,a
2017-06-14,white-footed mouse,NA,72,23,NA,19,m,juv
2017-06-14,white-footed mouse,NA,82,22,NA,31,m,a
2017-06-14,white-footed mouse,NA,66,20,NA,13,f,juv
2017-06-14,white-footed mouse,NA,NA,NA,NA,NA,m,a
2017-06-14,white-footed mouse,NA,NA,NA,NA,NA,m,juv
2017-06-14,white-footed mouse,NA,NA,NA,NA,NA,f,a
2017-06-14,white-footed mouse,NA,NA,NA,NA,NA,f,a
2017-06-14,white-footed mouse,NA,NA,NA,NA,NA,f,a
2017-06-14,cotton rat,NA,59,NA,NA,NA,f,juv
2017-06-14,cotton rat,NA,66,24,NA,32,m,sa
2017-06-14,cotton rat,NA,NA,NA,NA,NA,f,a
2017-06-14,white-footed mouse,NA,71,20,NA,19,f,juv
2017-06-14,white-footed mouse,NA,70,21,NA,24,m,a
2017-06-14,white-footed mouse,NA,67,21,NA,18,m,a
2017-06-14,white-footed mouse,NA,NA,NA,NA,NA,f,a
2017-06-14,white-footed mouse,NA,NA,NA,NA,NA,m,a
2017-06-14,white-footed mouse,NA,69,NA,NA,NA,m,a
2017-06-14,white-footed mouse,NA,NA,NA,NA,NA,f,a
2017-06-14,cotton rat,NA,95,30,NA,145,m,a
2017-06-14,cotton rat,NA,75,27,NA,35,m,juv
2017-06-14,cotton rat,NA,86,26,NA,59,f,sa
2017-06-14,cotton rat,NA,102,29,NA,85,m,a
2017-06-14,white-footed mouse,NA,74,21,NA,26,m,a
2017-06-14,white-footed mouse,NA,NA,NA,NA,NA,f,a
2017-06-14,prairie vole,NA,30,19,NA,52,f,a
2017-06-14,deer mouse,NA,78,21,NA,NA,m,a
2017-06-14,cotton rat,NA,87,27,NA,69,f,sa
2017-06-14,cotton rat,NA,85,28,NA,80,m,sa
2017-06-14,cotton rat,NA,111,31,NA,190,f,a
2017-06-14,cotton rat,NA,58,22,NA,27,m,juv
2017-06-14,cotton rat,NA,108,29,NA,130,m,a
2017-06-14,cotton rat,NA,87,29,NA,51,f,sa
2017-06-14,cotton rat,NA,NA,NA,NA,NA,n,NA
2017-06-14,cotton rat,NA,NA,NA,NA,NA,m,sa
2017-06-15,white-footed mouse,NA,78,22,NA,36,f,a
2017-06-15,white-footed mouse,NA,NA,NA,NA,NA,f,a
2017-06-15,white-footed mouse,NA,NA,NA,NA,NA,m,a
2017-06-15,white-footed mouse,NA,71,22,NA,28,m,a
2017-06-15,white-footed mouse,NA,NA,NA,NA,NA,m,a
2017-06-15,white-footed mouse,NA,NA,NA,NA,NA,f,juv
2017-06-15,white-footed mouse,NA,NA,NA,NA,NA,f,a
2017-06-15,white-footed mouse,NA,NA,NA,NA,NA,m,a
2017-06-15,white-footed mouse,NA,NA,NA,NA,NA,f,a
2017-06-15,white-footed mouse,NA,NA,NA,NA,NA,m,juv
2017-06-15,white-footed mouse,NA,NA,NA,NA,NA,m,juv
2017-06-15,white-footed mouse,NA,NA,NA,NA,NA,m,a
2017-06-15,deer mouse,NA,54,18,NA,28,m,a
2017-06-15,cotton rat,NA,71,27,NA,NA,f,juv
2017-06-15,cotton rat,NA,NA,NA,NA,NA,f,a
2017-06-15,white-footed mouse,NA,91,24,NA,34,m,a
2017-06-15,white-footed mouse,NA,NA,NA,NA,NA,m,a
2017-06-15,white-footed mouse,NA,NA,NA,NA,NA,m,a
2017-06-15,white-footed mouse,NA,NA,NA,NA,NA,f,a
2017-06-15,white-footed mouse,NA,NA,NA,NA,NA,f,a
2017-06-15,white-footed mouse,NA,NA,NA,NA,NA,m,a
2017-06-15,deer mouse,NA,53,18,NA,18.5,m,a
2017-06-15,cotton rat,NA,23,61,NA,NA,m,sa
2017-06-15,cotton rat,NA,75,27,NA,49,m,sa
2017-06-15,cotton rat,NA,87,28,NA,63,m,sa
2017-06-15,cotton rat,NA,93,22,NA,69,f,sa
2017-06-15,cotton rat,NA,92,30,NA,57,m,sa
2017-06-15,cotton rat,NA,109,29,NA,160,m,a
2017-06-15,cotton rat,NA,NA,NA,NA,NA,f,a
2017-06-15,white-footed mouse,NA,65,20,NA,172,f,a
2017-06-15,white-footed mouse,NA,NA,NA,NA,NA,f,a
2017-06-15,prairie vole,NA,34,21,NA,28,m,a
2017-06-15,white-footed mouse,NA,65,20,NA,13.5,f,juv
2017-06-15,deer mouse,NA,NA,NA,NA,NA,m,a
2017-06-15,deer mouse,NA,NA,NA,NA,NA,m,a
2017-06-15,cotton rat,NA,35,31,NA,145,f,a
2017-06-15,cotton rat,NA,115,30,NA,139,m,a
2017-06-15,cotton rat,NA,91,29,NA,75,m,sa
2017-06-15,cotton rat,NA,NA,NA,NA,NA,f,a
2017-06-15,cotton rat,NA,NA,NA,NA,NA,m,a
2017-06-15,cotton rat,NA,NA,NA,NA,NA,m,sa
2017-06-15,cotton rat,NA,NA,NA,NA,NA,m,sa
2017-06-16,white-footed mouse,NA,58,20,NA,14,m,juv
2017-06-16,white-footed mouse,NA,NA,NA,NA,NA,f,a
2017-06-16,white-footed mouse,NA,NA,NA,NA,NA,m,a
2017-06-16,white-footed mouse,NA,NA,NA,NA,NA,m,a
2017-06-16,white-footed mouse,NA,NA,NA,NA,NA,m,a
2017-06-16,white-footed mouse,NA,NA,NA,NA,NA,f,a
2017-06-16,white-footed mouse,NA,NA,NA,NA,NA,f,a
2017-06-16,white-footed mouse,NA,NA,NA,NA,NA,m,a
2017-06-16,white-footed mouse,NA,NA,NA,NA,NA,f,juv
2017-06-16,white-footed mouse,NA,NA,NA,NA,NA,f,a
2017-06-16,white-footed mouse,NA,NA,NA,NA,NA,m,a
2017-06-16,white-footed mouse,NA,NA,NA,NA,NA,m,a
2017-06-16,deer mouse,NA,NA,NA,NA,NA,m,a
2017-06-16,cotton rat,NA,91,28,NA,50,f,sa
2017-06-16,cotton rat,NA,108,29,NA,135,m,a
2017-06-16,cotton rat,NA,105,30,NA,160,m,a
2017-06-16,cotton rat,NA,NA,NA,NA,NA,m,juv
2017-06-16,cotton rat,NA,NA,NA,NA,115,f,a
2017-06-16,prairie vole,NA,29,19,NA,46,f,a
2017-06-16,prairie vole,NA,26,19,NA,31,f,a
2017-06-16,white-footed mouse,NA,84,21,NA,35,m,a
2017-06-16,white-footed mouse,NA,NA,NA,NA,NA,m,a
2017-06-16,white-footed mouse,NA,NA,NA,NA,NA,f,juv
2017-06-16,white-footed mouse,NA,NA,NA,NA,NA,f,sa
2017-06-16,white-footed mouse,NA,NA,NA,NA,NA,m,a
2017-06-16,white-footed mouse,NA,NA,NA,NA,NA,f,a
2017-06-16,white-footed mouse,NA,NA,NA,NA,NA,m,a
2017-06-16,white-footed mouse,NA,NA,NA,NA,NA,m,a
2017-06-16,white-footed mouse,NA,NA,NA,NA,NA,f,a
2017-06-16,white-footed mouse,NA,NA,NA,NA,NA,m,a
2017-06-16,white-footed mouse,NA,NA,NA,NA,NA,m,a
2017-06-16,deer mouse,NA,NA,NA,NA,NA,m,a
2017-06-16,cotton rat,NA,114,29,NA,130,m,a
2017-06-16,cotton rat,NA,89,27,NA,59,m,sa
2017-06-16,cotton rat,NA,84,29,NA,63,f,sa
2017-06-16,cotton rat,NA,79,26,NA,69.5,f,sa
2017-06-16,cotton rat,NA,NA,NA,NA,NA,m,sa
2017-06-16,cotton rat,NA,NA,NA,NA,NA,f,a
2017-06-16,prairie vole,NA,29,20,NA,31,m,a
2017-06-16,deer mouse,NA,60,18,NA,16,m,a
2017-06-16,deer mouse,NA,NA,NA,NA,NA,m,a
2017-06-16,cotton rat,NA,89,27,NA,54,m,sa
2017-06-16,cotton rat,NA,109,NA,NA,NA,f,a
2017-06-16,prairie vole,NA,39,20,NA,44,f,a
2017-06-16,prairie vole,NA,31,20,NA,52,m,a
2017-06-16,prairie vole,NA,31,19,NA,28,f,a
2017-06-16,prairie vole,NA,NA,NA,NA,NA,f,a
2017-06-16,cotton rat,NA,87,30,NA,64,f,a
2017-06-16,cotton rat,NA,84,28,NA,110,m,a
2017-06-16,cotton rat,NA,NA,NA,NA,NA,f,a
2017-06-16,cotton rat,NA,NA,NA,NA,NA,m,sa
2017-06-27,white-footed mouse,170,82,22,16,29.3,m,a
2017-06-27,white-footed mouse,155,70,22,15,18.1,m,sa
2017-06-27,cotton rat,223,89,28,13,75.3,m,a
2017-06-27,cotton rat,236,95,29,19,88.3,m,a
2017-06-27,cotton rat,222,91,29,16,82.7,m,a
2017-06-27,cotton rat,210,91,29,16,65.3,f,a
2017-06-27,white-footed mouse,154,63,20,14,25.3,f,a
2017-06-27,white-footed mouse,155,75,22,16,28.1,m,a
2017-06-27,white-footed mouse,165,71,22,16,29.6,m,a
2017-06-27,cotton rat,211,84,28,15,58.5,f,a
2017-06-27,cotton rat,268,98,28,16,140.8,m,a
2017-06-27,cotton rat,295,122,32,20,139.5,f,a
2017-06-27,cotton rat,288,115,33,17,211.8,m,a
2017-06-27,cotton rat,202,89,27,15,57.6,f,juv
2017-06-27,cotton rat,206,90,29,14,65,m,sa
2017-06-27,cotton rat,198,84,27,15,53.9,m,sa
2017-06-27,cotton rat,183,73,27,14,41,f,juv
2017-06-27,cotton rat,210,90,29,14,67.9,m,a
2017-06-27,white-footed mouse,172,75,21,15,28.4,f,a
2017-06-27,white-footed mouse,170,77,22,16,22.1,m,a
2017-06-27,white-footed mouse,157,68,21,15,18.8,m,a
2017-06-28,prairie vole,153,34,19,11,35.7,f,a
2017-06-28,deer mouse,130,49,17,10,13.4,m,sa
2017-06-28,deer mouse,138,54,29,14,13.2,m,a
2017-06-28,deer mouse,131,42,19,14,18.5,m,a
2017-06-28,prairie vole,149,29,19,12,37.1,m,a
2017-06-28,prairie vole,151,28,18,12,45.5,m,a
2017-06-28,white-footed mouse,191,89,21,17,32.9,f,a
2017-06-28,white-footed mouse,187,79,21,16,28.7,m,a
2017-06-28,deer mouse,148,68,18,15,15.7,m,a
2017-06-28,deer mouse,157,64,18,16,15.2,f,sa
2017-06-28,cotton rat,227,94,29,16,87.8,m,a
2017-06-28,cotton rat,219,87,27,16,62.7,f,sa
2017-06-28,cotton rat,204,91,26,13,53,m,sa
2017-06-28,cotton rat,212,89,27,17,62.1,m,sa
2017-06-28,cotton rat,199,17,33,17,207.5,m,a
2017-06-28,cotton rat,242,94,29,18,99.5,f,a
2017-06-28,cotton rat,269,110,30,21,123.2,m,a
2017-06-28,white-footed mouse,181,79,22,17,26.7,m,a
2017-06-28,cotton rat,239,55,31,21,185.1,m,a
2017-06-28,cotton rat,201,87,27,16,45.9,f,sa
2017-06-28,cotton rat,204,86,27,16,47.1,f,sa
2017-06-28,cotton rat,212,91,27,18,72.5,m,sa
2017-06-28,cotton rat,276,117,29,21,179.6,m,a
2017-06-28,cotton rat,223,104,32,19,96.9,m,a
2017-06-28,cotton rat,261,108,31,19,96.5,m,a
2017-06-28,cotton rat,211,89,28,18,68.5,f,a
2017-06-28,cotton rat,209,91,27,21,55.8,f,a
2017-06-28,cotton rat,209,87,27,18,55.2,m,sa
2017-06-28,cotton rat,193,82,26,18,42.9,f,sa
2017-06-28,cotton rat,216,85,27,17,59.3,m,sa
2017-06-28,cotton rat,266,110,28,19,126.6,f,a
2017-06-28,cotton rat,146,59,21,14,17.6,f,juv
2017-06-28,cotton rat,219,97,27,17,56.5,m,a
2017-06-28,cotton rat,268,104,32,21,171.5,m,a
2017-06-28,cotton rat,181,75,24,16,34,f,juv
2017-06-28,cotton rat,123,51,20,14,12.6,f,juv
2017-06-28,prairie vole,149,33,20,13,46.5,f,a
2017-06-28,white-footed mouse,167,74,21,18,28.7,m,a
2017-06-28,cotton rat,228,109,29,17,76.8,m,a
2017-06-28,cotton rat,259,110,26,19,157.3,m,a
2017-06-28,cotton rat,278,116,30,19,149.2,f,a
2017-06-28,cotton rat,218,108,29,13,66,m,sa
2017-06-29,prairie vole,141,37,19,17,35.2,m,a
2017-06-29,deer mouse,134,54,19,15,17.4,m,a
2017-06-29,prairie vole,159,36,19,19,44.4,f,a
2017-06-29,prairie vole,157,33,20,14,44,f,a
2017-06-29,white-footed mouse,159,68,21,16,23.6,f,a
2017-06-29,white-footed mouse,185,82,22,17,33.7,m,a
2017-06-29,deer mouse,143,54,18,14,15.7,m,sa
2017-06-29,deer mouse,143,59,18,19,19.3,m,sa
2017-06-29,cotton rat,239,94,28,18,74.1,f,a
2017-06-29,cotton rat,271,114,31,21,136.7,f,a
2017-06-29,cotton rat,276,116,30,21,151,m,a
2017-06-29,cotton rat,239,102,29,19,97.3,m,a
2017-06-29,cotton rat,244,104,29,19,87.7,m,a
2017-06-29,cotton rat,231,108,28,18,71.7,m,a
2017-06-29,cotton rat,224,103,28,18,63.9,f,a
2017-06-29,cotton rat,217,86,28,17,59.7,m,a
2017-06-29,white-footed mouse,162,74,22,18,19.9,f,sa
2017-06-29,cotton rat,280,111,29,20,140.4,f,a
2017-06-29,cotton rat,261,107,29,19,129.1,f,a
2017-06-29,cotton rat,209,87,28,18,54.2,m,sa
2017-06-29,cotton rat,211,86,27,17,53.2,m,sa
2017-06-29,cotton rat,203,84,26,17,55.3,m,NA
2017-06-29,cotton rat,184,79,26,14,37.4,f,sa
2017-06-29,cotton rat,155,62,24,14,21.3,m,juv
2017-06-29,cotton rat,198,78,26,17,47.8,m,sa
2017-06-29,cotton rat,259,105,28,20,127.2,f,a
2017-06-30,prairie vole,121,24,19,12,29.5,f,sa
2017-06-30,prairie vole,152,33,21,16,56.8,f,a
2017-06-30,prairie vole,119,23,17,12,16.9,f,juv
2017-06-30,deer mouse,134,49,18,19,15.5,m,sa
2017-06-30,prairie vole,134,26,18,13,36.7,f,a
2017-06-30,prairie vole,110,14,17,13,19,f,juv
2017-06-30,cotton rat,271,109,32,19,155.3,f,a
2017-06-30,cotton rat,227,106,29,19,67.4,m,a
2017-06-30,cotton rat,213,91,27,17,46.8,f,sa
2017-06-30,cotton rat,241,109,30,20,101.7,m,a
2017-06-30,cotton rat,273,108,31,22,189.7,m,a
2017-06-30,cotton rat,208,84,27,18,67.1,f,a
2017-06-30,cotton rat,211,83,26,18,55,f,a
2017-06-30,cotton rat,217,86,29,18,67.2,m,a
2017-06-30,cotton rat,220,94,30,18,56,f,sa
2017-06-30,cotton rat,279,116,33,20,135,m,a
2017-06-30,cotton rat,249,101,29,22,120,f,a
2017-06-30,cotton rat,246,91,27,21,135,m,a
2017-06-30,cotton rat,271,109,30,21,125,f,a
2017-06-30,cotton rat,151,68,23,15,19,f,juv
2017-06-30,cotton rat,129,51,20,19,14.5,f,juv
2017-06-30,prairie vole,164,33,20,13,44.6,m,a
2017-06-30,prairie vole,116,28,19,13,22.5,f,sa
2017-06-30,cotton rat,211,90,29,18,51.5,m,sa
2018-07-10,deer mouse,NA,55,19,NA,14.6,f,a
2018-07-10,deer mouse,NA,57,18,NA,15,m,a
2018-07-10,deer mouse,NA,57,18,NA,13.5,f,a
2018-07-10,deer mouse,NA,55,19,NA,14.6,f,a
2018-07-10,white-footed mouse,NA,78,22,NA,19,f,a
2018-07-10,white-footed mouse,NA,77,23,NA,30,m,a
2018-07-10,white-footed mouse,NA,70,22,NA,18,f,a
2018-07-11,deer mouse,NA,56,18,NA,17,n,NA
2018-07-11,deer mouse,NA,57,20,NA,15,f,a
2018-07-11,deer mouse,NA,58,18,NA,NA,m,a
2018-07-11,deer mouse,NA,NA,NA,NA,NA,f,a
2018-07-11,deer mouse,NA,NA,NA,NA,NA,f,a
2018-07-11,white-footed mouse,NA,NA,NA,NA,NA,f,NA
2018-07-12,deer mouse,NA,58,18,NA,16.8,m,a
2018-07-12,deer mouse,NA,NA,NA,NA,NA,f,a
2018-07-12,deer mouse,NA,NA,NA,NA,17.2,m,a
2018-07-12,deer mouse,NA,NA,NA,NA,NA,f,a
2018-07-12,white-footed mouse,NA,NA,NA,NA,NA,f,a
2018-07-13,deer mouse,NA,NA,NA,NA,NA,n,NA
2018-07-13,deer mouse,NA,NA,NA,NA,NA,f,a
2018-07-13,deer mouse,NA,NA,NA,NA,NA,n,NA
2018-07-13,deer mouse,NA,NA,NA,NA,NA,m,a
2018-07-13,deer mouse,NA,NA,NA,NA,NA,m,a
2018-07-13,deer mouse,NA,NA,NA,NA,NA,m,a
2018-07-13,deer mouse,135,59,9,19,13.3,m,a
2018-07-13,white-footed mouse,NA,NA,NA,NA,NA,f,a
2018-07-13,white-footed mouse,NA,NA,NA,NA,NA,n,NA
2018-07-13,prairie vole,NA,NA,NA,NA,NA,n,NA
2018-07-13,prairie vole,117,26,8,18,23.3,m,a
2018-07-13,deer mouse,NA,NA,NA,NA,NA,n,NA
2018-07-13,deer mouse,114,50,10,17,11.1,f,a
2018-07-17,prairie vole,142,33,11,18,33.2,m,a
2018-07-17,deer mouse,131,54,13,18,16.5,m,a
2018-07-17,deer mouse,124,51,14,18,18.8,m,a
2018-07-17,deer mouse,151,54,12,19,13.1,f,a
2018-07-17,deer mouse,137,60,11,18,18.8,m,a
2018-07-17,white-footed mouse,156,81,11,21,23.6,m,a
2018-07-17,white-footed mouse,172,72,12,22,25.1,m,a
2018-07-17,cotton rat,258,94,19,30,177.5,m,a
2018-07-17,cotton rat,245,140,15,31,161.8,m,a
2018-07-17,cotton rat,230,98,17,29,112.5,f,a
2018-07-18,deer mouse,129,55,12,19,12.9,f,a
2018-07-18,cotton rat,257,119,17,31,147.7,f,a
2018-07-18,cotton rat,237,99,15,30,203.8,m,a
2018-07-18,cotton rat,220,140,14,33,87.1,m,a
2018-07-18,cotton rat,194,83,14,27,45,f,juv
2018-07-18,cotton rat,237,107,12,32,110.2,m,a
2018-07-19,deer mouse,137,62,12,19,15.8,m,a
2018-07-19,deer mouse,127,55,11,18,13,f,a
2018-07-19,deer mouse,118,54,11,18,12.4,m,a
2018-07-19,white-footed mouse,165,78,13,22,27.9,m,a
2018-07-19,cotton rat,225,93,14,32,71.1,m,a
2018-07-19,cotton rat,225,95,16,30,93.3,f,a
2018-07-20,white-footed mouse,132,65,12,19,15.2,f,a
2018-07-20,white-footed mouse,152,73,13,22,18.4,f,a
2018-07-20,cotton rat,220,88,14,28,65.2,f,a
2018-07-24,cotton rat,NA,85,29,NA,58,f,sa
2018-07-24,white-footed mouse,NA,NA,NA,NA,NA,n,NA
2018-07-24,white-footed mouse,NA,NA,NA,NA,NA,n,NA
2018-07-24,white-footed mouse,164,73,11,22,22.3,f,a
2018-07-24,white-footed mouse,180,81,11,22,27.4,m,a
2018-07-24,cotton rat,NA,NA,NA,NA,NA,n,NA
2018-07-24,cotton rat,NA,NA,NA,NA,NA,n,NA
2018-07-24,cotton rat,236,97,11,32,95.9,m,a
2018-07-24,cotton rat,272,130,16,30,171.7,m,a
2018-07-24,cotton rat,NA,98,29,NA,63,f,sa
2018-07-25,white-footed mouse,NA,85,22,NA,23,m,a
2018-07-25,white-footed mouse,NA,77,21,NA,25,m,a
2018-07-25,white-footed mouse,NA,NA,NA,NA,NA,n,NA
2018-07-25,white-footed mouse,170,75,13,22,25.8,m,a
2018-07-25,cotton rat,NA,NA,NA,NA,NA,n,NA
2018-07-25,cotton rat,NA,NA,NA,NA,NA,n,NA
2018-07-25,cotton rat,282,102,18,30,160.8,m,a
2018-07-25,cotton rat,238,99,15,29,85.8,f,sa
2018-07-25,cotton rat,NA,110,30,NA,96,m,a
2018-07-25,cotton rat,NA,NA,NA,NA,NA,n,NA
2018-07-26,white-footed mouse,NA,NA,NA,NA,NA,n,NA
2018-07-26,white-footed mouse,NA,NA,NA,NA,NA,n,NA
2018-07-26,cotton rat,NA,102,31,NA,170,m,a
2018-07-26,prairie vole,NA,NA,NA,NA,NA,n,NA
2018-07-26,prairie vole,153,32,9,19,45.6,m,a
2018-07-26,cotton rat,NA,NA,NA,NA,NA,n,NA
2018-07-26,cotton rat,NA,NA,NA,NA,NA,n,NA
2018-07-26,cotton rat,NA,NA,NA,NA,NA,n,NA
2018-07-26,cotton rat,266,108,15,31,180.1,f,a
2018-07-26,cotton rat,260,90,15,31,207.3,m,a
2018-07-26,cotton rat,234,99,14,32,99.8,m,a
2018-07-26,cotton rat,NA,NA,NA,NA,NA,f,sa
2018-07-26,cotton rat,NA,NA,NA,NA,NA,m,a
2018-07-27,white-footed mouse,NA,NA,NA,NA,NA,n,NA
2018-07-27,white-footed mouse,NA,NA,NA,NA,NA,n,NA
2018-07-27,white-footed mouse,165,67,12,21,25.3,m,a
2018-07-27,white-footed mouse,NA,NA,NA,NA,NA,n,NA
2018-07-27,cotton rat,NA,92,32,NA,150,f,a
2018-07-27,cotton rat,NA,NA,NA,NA,NA,n,NA
2018-07-27,cotton rat,NA,115,31,NA,150,f,a
2018-07-27,cotton rat,NA,90,28,NA,101,f,a
2018-07-27,deer mouse,NA,NA,NA,NA,NA,m,a
2018-07-27,deer mouse,NA,59,19,NA,19,m,a
2018-07-27,cotton rat,NA,NA,NA,NA,NA,n,NA
2018-07-27,cotton rat,NA,NA,NA,NA,NA,n,NA
2018-07-31,white-footed mouse,169,72,12,21,28.5,m,a
2018-07-31,white-footed mouse,171,78,11,21,25.8,m,a
2018-07-31,cotton rat,194,82,12,28,48.4,f,juv
2018-07-31,white-footed mouse,173,81,13,22,31,m,a
2018-08-01,white-footed mouse,173,82,14,22,25.8,m,a
2018-08-01,white-footed mouse,181,93,12,22,32.1,m,a
2018-08-01,cotton rat,216,97,14,29,52.2,f,a
2018-08-01,cotton rat,254,120,15,31,91.8,m,a
2018-08-01,cotton rat,278,122,16,32,133,m,a
2018-08-01,deer mouse,131,54,12,18,12.4,f,a
2018-08-02,white-footed mouse,170,78,19,21,26.3,f,a
2018-08-02,white-footed mouse,173,75,14,21,30.6,m,a
2018-08-03,white-footed mouse,187,87,15,23,29.4,m,a
