DataCode,Rectype,RecYear,Date,Watershed,Transect,TrapStation,Species,SpecimenNo1,SpecimenNo2,VoucherNo,RecaptureStatus,Disposition,TotalLength,TailLength,HFLength,EarLength,Weight,Sex,Age,ReprodCondition,Comments
csm08,1,2016,7/14/16,4B,E,17,BLHY,,,NK269728,N,V,109,19,4,12,12.4,F,A,CSN,
csm08,1,2016,7/21/16,4B,W,12,BLHY,,,NK269855,N,V,98,23,,13,10,M,A,NS,
csm08,1,2016,7/22/16,4B,W,15,BLHY,,,NK269856,N,V,105,24,,14,10.5,M,A,NS,M?
csm08,1,2016,7/22/16,4B,W,18,BLHY,,,NK269857,N,V,107,22,,14,22,M,A,NS,
csm08,1,2016,7/23/16,4B,W,18,BLHY,,,NK269858,N,V,107,17,,13,13,M,A,S,
csm08,1,2016,7/13/16,4F,E,11,BLHY,,,NK269690,N,V,109,21,5,13,13.2,F,A,CSN,
csm08,1,2016,7/14/16,4F,E,16,BLHY,,,NK269722,N,V,95,12,5,12,.,M,A,S,missing weight
csm08,1,2016,7/12/16,4F,E,19,BLHY,,,NK269665,N,V,108,24,3,14,13.7,F,A,OEL,
csm08,1,2016,7/22/16,4F,W,4,BLHY,,,NK269860,N,V,109,23,,14,12,F,A,OEN,
csm08,1,2016,7/29/16,R20A,E,20,BLHY,,,NK269833,N,V,99,22,4,14,12.7,F,A,OSN,
csm08,1,2016,8/5/16,R20A,W,13,BLHY,,,NK269859,N,V,101,22,,14,11,M,A,,
csm08,1,2016,7/23/16,4B,W,3,CHHI,230,,,N,R,,110,28,13,48,F,A,CEN,
csm08,1,2016,7/27/16,R1A,N,6,CHHI,,,NK269796,N,V,198,99,11,26,31,M,A,S,
csm08,1,2016,8/5/16,R20A,W,17,CHHI,,,NK269880,N,V,,,,,,,,,
csm08,1,2016,7/22/16,1D,E,2,MIOC,278,,,N,R,,33,19,,44,F,A,CEN,
csm08,1,2016,7/23/16,1D,E,2,MIOC,212,,,N,R,,38,19,,38,M,A,S,
csm08,1,2016,7/23/16,1D,E,2,MIOC,277,,,N,R,,26,17,,12,M,Juv,NS,
csm08,1,2016,7/23/16,1D,E,4,MIOC,266,,,N,R,,28,17,,10,F,Juv,CSN,
csm08,1,2016,7/23/16,1D,E,7,MIOC,155,,,N,R,,35,19,.,48,F,A,CEN,missing for ear length
csm08,1,2016,7/23/16,1D,E,7,MIOC,230,,,N,R,,40,20,.,45,M,A,S,missing for ear length
csm08,1,2016,7/23/16,1D,E,10,MIOC,269,,,Y,R,,,,,,,,,
csm08,1,2016,7/21/16,1D,E,11,MIOC,269,,,N,R,,34,20,13,34,F,A,CSN,
csm08,1,2016,7/22/16,1D,E,11,MIOC,236,,,N,R,,38,20,,40,M,A,S,
csm08,1,2016,7/22/16,1D,E,11,MIOC,269,,,Y,R,,,,,,,,,
csm08,1,2016,7/22/16,1D,E,12,MIOC,211,,,N,R,,34,20,,38,F,A,,
csm08,1,2016,7/23/16,1D,E,12,MIOC,170,,,Y,R,,,,,,,,,
csm08,1,2016,7/22/16,1D,E,13,MIOC,170,,,N,R,,33,20,,37,M,A,NS,
csm08,1,2016,7/23/16,1D,E,13,MIOC,211,,,Y,R,,,,,,,,,
csm08,1,2016,7/22/16,1D,E,16,MIOC,108,,,N,R,,31,19,,30,M,A,NS,
csm08,1,2016,7/23/16,1D,E,16,MIOC,228,,,N,R,,34,18,,36,M,A,NS,
csm08,1,2016,7/22/16,1D,E,18,MIOC,261,,,N,R,,32,19,,25,F,A,CSN,
csm08,1,2016,7/22/16,1D,E,20,MIOC,279,,,N,R,,35,19,,40,M,A,NS,
csm08,1,2016,7/29/16,1D,W,2,MIOC,,,NK269830,N,V,150,36,14,21,37,F,A,CSN,
csm08,1,2016,7/27/16,1D,W,9,MIOC,,,NK269785,N,V,130,31,16,20,26.1,F,JUV,CSN,
csm08,1,2016,7/29/16,1D,W,12,MIOC,,,NK269832,N,V,133,33,14,19,24.4,F,SA,CSN,
csm08,1,2016,8/4/16,20B,E,1,MIOC,324,,,N,R,,,,,44,M,A,S,
csm08,1,2016,8/5/16,20B,E,3,MIOC,324,,,Y,R,,,,,,M,A,S,
csm08,1,2016,7/15/16,4B,E,1,MIOC,,,NK269750,N,V,125,30,12,19,24.2,M,JUV,NS,
csm08,1,2016,7/13/16,4B,E,2,MIOC,,,NK269687,N,V,160,35,15,20,49.6,F,A,CSN,
csm08,1,2016,7/15/16,4B,E,2,MIOC,,,NK269748,N,V,130,34,13,20,22.2,F,JUV,CSN,
csm08,1,2016,7/13/16,4B,E,3,MIOC,,,NK269688,N,V,134,29,14,19,25.1,F,SA,CSN,
csm08,1,2016,7/14/16,4B,E,8,MIOC,,,NK269729,N,V,155,35,15,19,41.1,M,A,S,
csm08,1,2016,7/14/16,4B,E,20,MIOC,,,NK269731,N,V,149,33,15,19,35.6,F,A,OLL,
csm08,1,2016,7/21/16,4B,W,9,MIOC,227,,,N,R,,37,21,,28,F,A,CSN,
csm08,1,2016,7/23/16,4B,W,9,MIOC,227,,,Y,R,,,,,,,,,
csm08,1,2016,7/22/16,4B,W,16,MIOC,141,,,N,R,,30,11,19,25,M,A,NS,
csm08,1,2016,7/12/16,4F,E,4,MIOC,,,NK269666,N,V,123,32,12,18,24.5,M,A,NS,
csm08,1,2016,7/13/16,4F,E,4,MIOC,,,NK269692,N,V,142,31,14,18,36.8,F,A,OLL,
csm08,1,2016,7/12/16,4F,E,11,MIOC,,,NK269668,N,V,149,35,13,21,36.4,M,A,S,
csm08,1,2016,7/13/16,4F,E,14,MIOC,,,NK269695,N,V,111,25,13,17,14.3,F,SA,CSN,
csm08,1,2016,7/14/16,4F,E,14,MIOC,,,NK269725,N,V,111,29,14,18,15.1,F,SA,CSN,
csm08,1,2016,7/21/16,4F,W,1,MIOC,272,,,N,R,,32,20,,30,F,A,CSN,
csm08,1,2016,7/22/16,4F,W,1,MIOC,272,,,Y,R,,,,,,,,,
csm08,1,2016,7/23/16,4F,W,1,MIOC,272,,,Y,R,,,,,,,,,
csm08,1,2016,7/20/16,4F,W,2,MIOC,274,,,N,R,,29,18,13,18,F,Juv,CSN,
csm08,1,2016,7/22/16,4F,W,3,MIOC,220,,,N,R,,27,18,,18,M,SA,NS,
csm08,1,2016,7/23/16,4F,W,8,MIOC,216,,,N,R,,32,18,,,M,A,NS,
csm08,1,2016,7/22/16,4F,W,10,MIOC,202,,,N,R,,30,20,,34,F,A,CSN,
csm08,1,2016,7/28/16,R1A,N,8,MIOC,,,NK269824,N,V,144,37,15,20,40.1,M,A,S,
csm08,1,2016,7/26/16,R1A,N,10,MIOC,,,NK269766,N,V,128,28,14,20,22.6,F,JUV,CSN,
csm08,1,2016,7/27/16,R1A,N,11,MIOC,,,NK269800,N,V,115,27,14,20,23.2,F,JUV,CSN,
csm08,1,2016,7/26/16,R1A,N,12,MIOC,,,NK269771,N,V,149,39,15,21,43,F,SA,CSN,
csm08,1,2016,7/27/16,R1A,N,13,MIOC,,,NK269801,N,V,145,36,15,20,33.8,M,A,S,
csm08,1,2016,7/27/16,R1A,N,18,MIOC,,,NK269805,N,V,149,39,16,20,49.7,F,A,CEN,
csm08,1,2016,7/29/16,R1A,N,18,MIOC,,,NK269850,N,V,119,29,13,20,21.8,F,JUV,CSN,
csm08,1,2016,7/28/16,R1A,N,19,MIOC,,,NK269828,N,V,160,41,14,20,43.3,F,A,OSN,
csm08,1,2016,7/29/16,R1A,N,19,MIOC,,,NK269851,N,V,164,44,14,21,42,M,A,S,
csm08,1,2016,7/13/16,SpB,N,3,MIOC,,,NK269698,N,V,141,27,16,19,31.2,M,A,S,
csm08,1,2016,7/15/16,SpB,N,3,MIOC,,,NK269762,N,V,99,22,10,18,10.8,M,JUV,NS,
csm08,1,2016,7/15/16,SpB,N,3,MIOC,,,NK269765,N,V,150,34,14,20,34.5,F,A,CEN,
csm08,1,2016,7/13/16,SpB,N,6,MIOC,,,NK269700,N,V,146,32,15,17,34.7,F,A,CSN,
csm08,1,2016,7/14/16,SpB,N,9,MIOC,,,NK269732,N,V,155,36,16,20,37.4,M,A,NS,
csm08,1,2016,7/15/16,SpB,N,10,MIOC,,,NK269764,N,V,147,40,12,20,31.1,M,A,S,
csm08,1,2016,7/14/16,SpB,N,17,MIOC,,,NK269735,N,V,148,36,16,18,36.2,M,A,S,
csm08,1,2016,7/13/16,SpB,N,19,MIOC,,,NK269704,N,V,140,29,13,20,35.5,F,A,OSN,
csm08,1,2016,7/22/16,SuB,E,1,MIOC,204,,,N,R,,35,19,,41,M,A,NS,
csm08,1,2016,7/22/16,SuB,E,1,MIOC,218,,,Y,R,,,,,,,,,
csm08,1,2016,7/23/16,SuB,E,1,MIOC,219,,,Y,R,,,,,,,,,
csm08,1,2016,7/20/16,SuB,E,3,MIOC,218,,,N,R,,33,20,,47,F,A,OEN,
csm08,1,2016,7/21/16,SuB,E,3,MIOC,218,,,Y,R,,,,,,,,,
csm08,1,2016,7/21/16,SuB,E,3,MIOC,219,,,N,R,,26,18,,18,M,Juv,NS,
csm08,1,2016,7/22/16,SuB,E,3,MIOC,223,,,N,R,,37,19,,48,M,A,S,
csm08,1,2016,7/23/16,SuB,E,3,MIOC,204,,,Y,R,,,,,,,,,
csm08,1,2016,7/21/16,SuB,E,9,MIOC,292,,,N,R,,36,22,,39,M,A,S,
csm08,1,2016,7/22/16,SuB,E,9,MIOC,260,,,Y,R,,,,,,,,,
csm08,1,2016,7/23/16,SuB,E,9,MIOC,292,,,Y,R,,,,,,,,,
csm08,1,2016,7/21/16,SuB,E,11,MIOC,260,,,N,R,,34,20,,42,F,A,OSN,
csm08,1,2016,7/23/16,SuB,E,11,MIOC,225,,,N,R,,,18,,31,F,A,CSN,
csm08,1,2016,7/23/16,SuB,E,15,MIOC,234,,,N,R,,33,18,,41,M,A,NS,
csm08,1,2016,7/20/16,SuB,E,20,MIOC,300,,,N,R,,30,21,13,33,F,A,CSN,
csm08,1,2016,7/21/16,SuB,E,20,MIOC,294,,,N,R,,34,20,,40,M,A,NS,
csm08,1,2016,7/22/16,SuB,E,20,MIOC,300,,,Y,R,,,,,,,,,
csm08,1,2016,7/23/16,SuB,E,20,MIOC,300,,,Y,R,,,,,,,,,
csm08,1,2016,7/23/16,SuB,W,6,MIOC,,,NK269877,N,V,112,26,19,10,17,M,JUV,NS,
csm08,1,2016,7/20/16,SuB,W,7,MIOC,,,NK269868,N,V,142,31,19,10,39.4,F,A,CEN,
csm08,1,2016,7/21/16,SuB,W,8,MIOC,,,NK269870,N,V,145,33,21,13,37.5,M,A,S,
csm08,1,2016,7/21/16,SuB,W,10,MIOC,,,NK269873,N,V,,,,,,F,A,OEN,
csm08,1,2016,7/23/16,SuB,W,10,MIOC,,,NK269878,N,V,129,33,18,9,29,M,A,NS,
csm08,1,2016,7/21/16,SuB,W,12,MIOC,,,NK269874,N,V,140,34,19,10,41,M,A,S,
csm08,1,2016,7/22/16,SuB,W,19,MIOC,,,NK269876,N,V,145,34,20,12,29,M,A,NS,
csm08,1,2016,8/3/16,20B,E,8,NEFL,352,,,N,R,,,,,,F,A,CSN,ESCAPED AT STN.#20
csm08,1,2016,8/2/16,20B,E,9,NEFL,217,,,N,R,,,,,265,M,A,NS,
csm08,1,2016,8/2/16,20B,E,15,NEFL,291,,,N,R,,,,,,F,A,CSN,
csm08,1,2016,8/3/16,20B,E,15,NEFL,291,,,Y,R,,,,,,,,,
csm08,1,2016,8/4/16,20B,E,15,NEFL,291,,,Y,R,,,,,,,,,
csm08,1,2016,8/5/16,20B,E,15,NEFL,291,,,Y,R,,,,,,,,,
csm08,1,2016,8/2/16,20B,E,16,NEFL,367,,,N,R,,,,,300,F,A,CSN,
csm08,1,2016,7/13/16,20B,W,6,NEFL,,,NK269708,N,V,331,136,27,37,196.3,F,A,OLL,
csm08,1,2016,7/13/16,20B,W,6,NEFL,,,NK269708,N,V,331,136,27,37,196.3,F,A,OLL,
csm08,1,2016,7/13/16,20B,W,13,NEFL,,,NK269714,N,V,339,159,28,37,318.2,M,A,S,
csm08,1,2016,7/14/16,20B,W,13,NEFL,,,NK269741,N,V,325,143,27,37,162.7,F,A,OLL,
csm08,1,2016,7/12/16,20B,W,15,NEFL,,,NK269682,N,V,360,165,28,39,294.8,F,A,CEN,
csm08,1,2016,7/15/16,20B,W,15,NEFL,,,NK269761,N,V,278,132,25,38,131,F,A,CSN,
csm08,1,2016,8/2/16,R1A,S,15,NEFL,.,,,N,R,,,,,,,,,TRAP BROKE-ESCAPED
csm08,1,2016,7/28/16,R20A,E,2,NEFL,,,NK269813,N,V,320,157,28,40,193.9,F,A,OEN,
csm08,1,2016,8/2/16,SpB,S,7,NEFL,299,,,N,R,,,,,,M,A,NS,
csm08,1,2016,8/3/16,SpB,S,7,NEFL,299,,,Y,R,,,,,,,,,
csm08,1,2016,8/4/16,SpB,S,7,NEFL,299,,,Y,R,,,,,,,,,
csm08,1,2016,8/5/16,SpB,S,7,NEFL,.,,,N,R,,,,,,,,,ESCAPED AT STN.#20
csm08,1,2016,8/2/16,SpB,S,17,NEFL,395,,,N,R,,,,,210,M,A,S,
csm08,1,2016,8/4/16,SpB,S,17,NEFL,295,,,Y,R,,,,,,,,,
csm08,1,2016,8/5/16,SpB,S,17,NEFL,395,,,Y,R,,,,,,,,,
csm08,1,2016,8/4/16,20B,E,1,PMLE,387,,,N,R,,,,,21,F,A,CSN,
csm08,1,2016,8/5/16,20B,E,1,PMLE,304,,,N,R,,,,,,,,,
csm08,1,2016,8/4/16,20B,E,3,PMLE,335,,,N,R,,,,,21,F,A,CSN,
csm08,1,2016,8/2/16,20B,E,6,PMLE,232,,,N,R,,,,,20,F,A,CSN,
csm08,1,2016,8/4/16,20B,E,6,PMLE,232,,,Y,R,,,,,,F,A,CSN,
csm08,1,2016,8/2/16,20B,E,8,PMLE,350,,,N,R,,,,,40,F,A,CEN,PREGNANT
csm08,1,2016,8/3/16,20B,E,8,PMLE,350,,,Y,R,,,,,,,,,
csm08,1,2016,8/4/16,20B,E,8,PMLE,390,,,N,R,,,,,22,F,A,CSN,
csm08,1,2016,8/5/16,20B,E,8,PMLE,308,,,N,R,,,,,,M,A,S,
csm08,1,2016,8/3/16,20B,E,9,PMLE,386,,,N,R,,,,,20,F,A,CSN,
csm08,1,2016,8/4/16,20B,E,9,PMLE,386,,,Y,R,,,,,,,,,
csm08,1,2016,8/2/16,20B,E,10,PMLE,366,,,N,R,,,,,25,M,A,S,
csm08,1,2016,8/3/16,20B,E,10,PMLE,356,,, N,R,,,,,32,M,A,S,
csm08,1,2016,8/3/16,20B,E,10,PMLE,366,,,Y,R,,,,,,,,,
csm08,1,2016,8/4/16,20B,E,10,PMLE,326,,,N,R,,,,,21,F,A,CEN,
csm08,1,2016,8/2/16,20B,E,11,PMLE,344,,,N,R,,,,,28,M,A,S,
csm08,1,2016,8/5/16,20B,E,11,PMLE,377,,,N,R,,,,,,M,A,S,
csm08,1,2016,8/4/16,20B,E,12,PMLE,344,,,Y,R,,,,,,M,A,S,
csm08,1,2016,8/5/16,20B,E,12,PMLE,344,,,Y,R,,,,,,,,,
csm08,1,2016,8/3/16,20B,E,16,PMLE,378,,,N,R,,,,,30,F,A,CEN,
csm08,1,2016,8/4/16,20B,E,16,PMLE,355,,,N,R,,,,,25,M,A,S,
csm08,1,2016,8/5/16,20B,E,16,PMLE,378,,,Y,R,,,,,,,,,
csm08,1,2016,8/4/16,20B,E,17,PMLE,388,,,N,R,,,,,19,F,SA,CSN,
csm08,1,2016,8/5/16,20B,E,17,PMLE,386,,,Y,R,,,,,,,,,
csm08,1,2016,8/2/16,20B,E,19,PMLE,253,,,N,R,,,,,27,M,A,S,
csm08,1,2016,8/4/16,20B,E,19,PMLE,353,,,Y,R,,,,,,M,A,S,
csm08,1,2016,8/4/16,20B,E,19,PMLE,381,,,N,R,,,,,21,F,A,CSN,
csm08,1,2016,8/5/16,20B,E,19,PMLE,381,,,Y,R,,,,,,,,,
csm08,1,2016,8/2/16,20B,E,20,PMLE,370,,,N,R,,,,,17,F,Juv,CSN,
csm08,1,2016,8/2/16,20B,E,20,PMLE,398,,,N,R,,,,,27,M,A,S,
csm08,1,2016,8/3/16,20B,E,20,PMLE,353,,,N,R,,,,,26,M,A,S,
csm08,1,2016,8/3/16,20B,E,20,PMLE,370,,,Y,R,,,,,,,Juv,,
csm08,1,2016,8/4/16,20B,E,20,PMLE,338,,,N,R,,,,,,M,SA,NS,
csm08,1,2016,8/5/16,20B,E,20,PMLE,353,,,Y,R,,,,,,,,,
csm08,1,2016,8/5/16,20B,E,20,PMLE,370,,,Y,R,,,,,,,,,
csm08,1,2016,7/13/16,20B,W,1,PMLE,,,NK269705,N,V,182,76,22,23,30.8,M,A,S,
csm08,1,2016,7/14/16,20B,W,1,PMLE,,,NK269736,N,V,170,71,16,22,20.1,M,A,S,
csm08,1,2016,7/12/16,20B,W,2,PMLE,,,NK269671,N,V,176,76,17,73,31.8,M,A,S,
csm08,1,2016,7/13/16,20B,W,2,PMLE,,,NK269706,N,V,177,78,18,22,24.4,M,A,S,
csm08,1,2016,7/12/16,20B,W,3,PMLE,,,NK269672,N,V,169,77,17,22,27.6,F,A,CSN,
csm08,1,2016,7/14/16,20B,W,3,PMLE,,,NK269737,N,V,166,74,17,22,21.1,M,A,S,
csm08,1,2016,7/15/16,20B,W,3,PMLE,,,NK269757,N,V,170,76,17,23,29.2,F,A,CEL,
csm08,1,2016,7/12/16,20B,W,5,PMLE,,,NK269673,N,V,166,75,18,23,23.5,F,A,OSN,
csm08,1,2016,7/15/16,20B,W,6,PMLE,,,NK269759,N,V,170,81,19,23,20.7,F,A,CSN,
csm08,1,2016,7/12/16,20B,W,8,PMLE,,,NK269674,N,V,177,78,17,22,27.8,M,A,S,
csm08,1,2016,7/12/16,20B,W,8,PMLE,,,NK269675,N,V,172,82,17,22,22.6,F,A,OSN,
csm08,1,2016,7/13/16,20B,W,8,PMLE,,,NK269710,N,V,183,75,20,23,35.5,M,A,S,
csm08,1,2016,7/13/16,20B,W,8,PMLE,,,NK269711,N,V,176,79,18,22,22.7,F,A,CSN,
csm08,1,2016,7/14/16,20B,W,8,PMLE,,,NK269738,N,V,180,83,18,23,25.4,M,A,S,
csm08,1,2016,7/15/16,20B,W,8,PMLE,,,NK269755,N,V,165,76,18,22,19.2,F,A,CSN,
csm08,1,2016,7/12/16,20B,W,9,PMLE,,,NK269676,N,V,160,69,17,22,29,M,A,S,
csm08,1,2016,7/13/16,20B,W,10,PMLE,,,NK269712,N,V,175,77,18,22,25.1,M,A,S,
csm08,1,2016,7/14/16,20B,W,10,PMLE,,,NK269739,N,V,180,81,19,21,30.7,M,A,S,
csm08,1,2016,7/12/16,20B,W,11,PMLE,,,NK269677,N,V,164,76,17,22,27.8,M,A,S,
csm08,1,2016,7/15/16,20B,W,11,PMLE,,,NK269753,N,V,163,80,16,22,25.1,M,A,S,
csm08,1,2016,7/13/16,20B,W,12,PMLE,,,NK269713,N,V,171,75,17,73,22,F,A,CSN,
csm08,1,2016,7/12/16,20B,W,13,PMLE,,,NK269678,N,V,171,84,18,23,30.7,M,A,S,NK269678
csm08,1,2016,7/12/16,20B,W,13,PMLE,,,NK269679,N,V,172,79,17,21,22.1,F,A,CSN,
csm08,1,2016,7/14/16,20B,W,13,PMLE,,,NK269742,N,V,180,80,16,22,28.6,M,A,S,
csm08,1,2016,7/12/16,20B,W,14,PMLE,,,NK269680,N,V,180,87,18,23,32.8,F,A,EL,?EL
csm08,1,2016,7/15/16,20B,W,14,PMLE,,,NK269756,N,V,186,88,17,22,36.5,F,A,CEL,
csm08,1,2016,7/12/16,20B,W,15,PMLE,,,NK269681,N,V,182,84,19,23,38.9,M,A,S,
csm08,1,2016,7/13/16,20B,W,15,PMLE,,,NK269716,N,V,173,75,18,22,25.9,F,A,CLL,
csm08,1,2016,7/14/16,20B,W,16,PMLE,,,NK269743,N,V,186,81,19,23,32.4,F,A,OLL,
csm08,1,2016,7/12/16,20B,W,17,PMLE,,,NK269683,N,V,185,83,18,24,32.9,F,A,OEL,
csm08,1,2016,7/13/16,20B,W,17,PMLE,,,NK269717,N,V,174,73,17,23,20.7,M,A,S,
csm08,1,2016,7/13/16,20B,W,17,PMLE,,,NK269718,N,V,166,70,18,21,22.3,M,A,S,
csm08,1,2016,7/14/16,20B,W,17,PMLE,,,NK269744,N,V,180,80,19,22,31.2,F,A,CLL,
csm08,1,2016,7/13/16,20B,W,18,PMLE,,,NK269719,N,V,172,69,18,22,30,M,A,S,
csm08,1,2016,7/13/16,20B,W,20,PMLE,,,NK269720,N,V,177,80,19,22,25.8,F,A,CLL,
csm08,1,2016,7/13/16,20B,W,20,PMLE,,,NK269721,N,V,179,83,18,24,33.6,M,A,S,
csm08,1,2016,7/21/16,4B,W,13,PMLE,247,,,N,R,,78,23,,33,M,A,S,
csm08,1,2016,7/23/16,4B,W,13,PMLE,295,,,N,R,,77,21,15,19,F,A,CSN,
csm08,1,2016,7/22/16,4B,W,14,PMLE,257,,,N,R,,71,17,21,18,F,A,OSN,
csm08,1,2016,7/23/16,4B,W,14,PMLE,257,,,Y,R,,,,,,,,,
csm08,1,2016,7/23/16,4B,W,14,PMLE,290,,,Y,R,,,,,,,,,
csm08,1,2016,7/22/16,4B,W,15,PMLE,290,,,N,R,,76,22,16,25,M,A,NS,
csm08,1,2016,7/27/16,R1A,N,3,PMLE,,,NK269791,N,V,180,77,16,23,33.8,M,A,S,
csm08,1,2016,7/27/16,R1A,N,3,PMLE,,,NK269792,N,V,195,86,17,23,39.8,F,A,OEN,
csm08,1,2016,7/26/16,R1A,N,4,PMLE,,,NK269768,N,V,192,89,16,23,30.7,F,A,OEN,
csm08,1,2016,7/28/16,R1A,N,4,PMLE,,,NK269819,N,V,157,70,16,21,23.3,M,A,S,
csm08,1,2016,7/26/16,R1A,N,5,PMLE,,,NK269770,N,V,175,77,18,24,22.6,M,A,S,
csm08,1,2016,7/27/16,R1A,N,7,PMLE,,,NK269797,N,V,155,72,15,22,18.2,F,JUV,CSN,
csm08,1,2016,7/29/16,R1A,N,9,PMLE,,,NK269842,N,V,179,90,16,23,32.5,M,A,S,
csm08,1,2016,7/28/16,R1A,N,11,PMLE,,,NK269826,N,V,171,85,18,22,22.1,M,A,S,
csm08,1,2016,7/27/16,R1A,N,17,PMLE,,,NK269804,N,V,166,76,18,23,22.5,F,A,CSN,
csm08,1,2016,8/2/16,R1A,S,2,PMLE,282,,,N,R,,84,23,,25,M,A,S,
csm08,1,2016,8/3/16,R1A,S,2,PMLE,282,,,Y,R,,,,,,M,A,S,
csm08,1,2016,8/4/16,R1A,S,2,PMLE,282,,,Y,R,,,,,,,,,
csm08,1,2016,8/2/16,R1A,S,5,PMLE,231,,,N,R,,,,,36,F,A,OEN,
csm08,1,2016,8/3/16,R1A,S,5,PMLE,231,,,Y,R,,,,,,,A,,
csm08,1,2016,8/4/16,R1A,S,5,PMLE,231,,,Y,R,,,,,,F,A,CEN,
csm08,1,2016,8/5/16,R1A,S,5,PMLE,231,,,Y,R,,,,,,,,,
csm08,1,2016,8/5/16,R1A,S,5,PMLE,357,,,N,R,,,,,,M,A,,
csm08,1,2016,7/26/16,R20A,E,2,PMLE,,,NK269775,N,V,170,84,17,24,22.5,F,A,CSN,
csm08,1,2016,7/26/16,R20A,E,13,PMLE,,,NK269779,N,V,171,80,18,23,26.2,M,A,S,
csm08,1,2016,7/26/16,R20A,E,15,PMLE,,,NK269780,N,V,155,68,16,23,21.1,M,SA,NS,
csm08,1,2016,7/13/16,SpB,N,4,PMLE,,,NK269699,N,V,171,74,16,22,24.9,M,A,S,
csm08,1,2016,7/20/16,SuB,E,7,PMLE,276,,,N,R,,81,22,17,23,F,A,OEL,
csm08,1,2016,7/21/16,SuB,E,7,PMLE,276,,,Y,R,,,,,,,,,
csm08,1,2016,7/22/16,SuB,E,7,PMLE,243,,,N,R,,72,22,16,19,M,A,S,
csm08,1,2016,7/23/16,SuB,E,7,PMLE,243,,,Y,R,,,,,,,,,
csm08,1,2016,7/23/16,SuB,E,7,PMLE,293,,,Y,R,,,,,,,,,
csm08,1,2016,7/20/16,SuB,E,8,PMLE,293,,,N,R,,89,23,16,29,M,A,S,
csm08,1,2016,7/21/16,SuB,E,8,PMLE,293,,,Y,R,,,,,,,,,
csm08,1,2016,7/22/16,SuB,E,8,PMLE,276,,,Y,R,,,,,,,,,
csm08,1,2016,7/22/16,SuB,E,8,PMLE,293,,,Y,R,,,,,,,,,
csm08,1,2016,7/20/16,SuB,W,14,PMLE,,,NK269867,N,V,167,78,23,14,24,M,A,S,
csm08,1,2016,7/21/16,SuB,W,15,PMLE,,,NK269871,N,V,165,75,22,16,25,M,A,S,
csm08,1,2016,7/23/16,SuB,W,15,PMLE,,,NK269879,N,V,163,75,22,15,20,F,A,CSN,
csm08,1,2016,7/21/16,1D,E,4,PMMA,262,,,N,R,,59,20,14,14,M,A,S,
csm08,1,2016,7/23/16,1D,E,5,PMMA,267,,,N,R,,63,19,,15,F,A,CSN,
csm08,1,2016,7/20/16,1D,E,6,PMMA,224,,,N,R,,56,19,14,16,M,A,NS,
csm08,1,2016,7/21/16,1D,E,6,PMMA,233,,,N,R,,62,18,14,17.5,M,A,S,
csm08,1,2016,7/22/16,1D,E,6,PMMA,233,,,Y,R,,,,,,,,,
csm08,1,2016,7/23/16,1D,E,6,PMMA,224,,,Y,R,,,,,,,,,
csm08,1,2016,7/20/16,1D,E,8,PMMA,246,,,N,R,,60,19,14,19,M,A,A,
csm08,1,2016,7/21/16,1D,E,8,PMMA,245,,,N,R,,57,18,14,13.5,F,A,CSN,
csm08,1,2016,7/21/16,1D,E,8,PMMA,246,,,Y,R,,,,,,,,,
csm08,1,2016,7/22/16,1D,E,8,PMMA,224,,,Y,R,,,,,,,,,
csm08,1,2016,7/22/16,1D,E,8,PMMA,246,,,Y,R,,,,,,,,,
csm08,1,2016,7/23/16,1D,E,8,PMMA,245,,,Y,R,,,,,,,,,
csm08,1,2016,7/23/16,1D,E,8,PMMA,246,,,Y,R,,,,,,,,,
csm08,1,2016,7/22/16,1D,E,9,PMMA,244,,,N,R,,60,19,15,17,F,A,CEN,
csm08,1,2016,7/23/16,1D,E,9,PMMA,244,,,Y,R,,,,,,,,,
csm08,1,2016,7/22/16,1D,E,10,PMMA,297,,,Y,R,,,,,,,,,
csm08,1,2016,7/21/16,1D,E,11,PMMA,297,,,N,R,,58,19,14,17,M,A,S,
csm08,1,2016,7/23/16,1D,E,11,PMMA,297,,,Y,R,,,,,,,,,
csm08,1,2016,7/20/16,1D,E,12,PMMA,275,,,N,R,,61,20,14,16,F,A,CSN,
csm08,1,2016,7/21/16,1D,E,12,PMMA,249,,,N,R,,58,19,14,16.5,M,A,S,
csm08,1,2016,7/22/16,1D,E,12,PMMA,275,,,Y,R,,,,,,,,,
csm08,1,2016,7/23/16,1D,E,13,PMMA,249,,,Y,R,,,,,,,,,
csm08,1,2016,7/23/16,1D,E,19,PMMA,252,,,Y,R,,,,,,,,,
csm08,1,2016,7/21/16,1D,E,20,PMMA,252,,,N,R,,62,19,14,18.5,M,A,S,
csm08,1,2016,7/26/16,1D,W,1,PMMA,,,NK269781,N,V,150,71,17,21,19,M,A,S,
csm08,1,2016,7/27/16,1D,W,1,PMMA,,,NK269784,N,V,154,65,16,19,17.2,F,A,CEN,
csm08,1,2016,7/28/16,1D,W,1,PMMA,,,NK269810,N,V,148,69,16,20,15.7,M,A,S,
csm08,1,2016,7/27/16,1D,W,11,PMMA,,,NK269786,N,V,142,57,16,18,15.8,M,A,NS,
csm08,1,2016,7/29/16,1D,W,11,PMMA,,,NK269831,N,V,146,60,14,20,18.7,M,A,S,
csm08,1,2016,7/26/16,1D,W,12,PMMA,,,NK269783,N,V,148,66,15,20,17.4,M,A,S,
csm08,1,2016,7/27/16,1D,W,12,PMMA,,,NK269787,N,V,147,62,15,19,18.2,M,A,S,
csm08,1,2016,7/27/16,1D,W,14,PMMA,,,NK269788,N,V,151,62,16,19,17.6,M,A,S,
csm08,1,2016,7/26/16,1D,W,17,PMMA,,,NK269782,N,V,157,61,17,20,17.8,F,A,CEN,
csm08,1,2016,7/28/16,1D,W,17,PMMA,,,NK269811,N,V,159,71,15,20,18.5,M,A,S,
csm08,1,2016,7/27/16,1D,W,19,PMMA,,,NK269790,N,V,149,62,16,20,23.1,M,A,S,
csm08,1,2016,7/28/16,1D,W,20,PMMA,,,NK269812,N,V,,,,,,F,A,CEN,
csm08,1,2016,7/12/16,4F,E,13,PMMA,,,NK269669,N,V,136,57,16,19,13.6,F,A,OSN,
csm08,1,2016,7/12/16,4F,E,14,PMMA,,,NK269670,N,V,169,55,15,19,16.1,M,A,S,
csm08,1,2016,7/21/16,4F,W,8,PMMA,285,,,N,R,,62,19,,17.5,F,A,CEN,
csm08,1,2016,7/13/16,SpB,N,2,PMMA,,,NK269697,N,V,141,60,15,19,17.6,M,A,S,
csm08,1,2016,7/12/16,SpB,N,12,PMMA,,,NK269663,N,V,139,55,15,19,17.9,M,A,S,0
csm08,1,2016,7/14/16,SpB,N,13,PMMA,,,NK269733,N,V,136,55,18,19,15.3,F,A,CSN,
csm08,1,2016,7/13/16,SpB,N,14,PMMA,,,NK269701,N,V,148,57,17,18,16.3,M,A,S,
csm08,1,2016,7/14/16,SpB,N,14,PMMA,,,NK269734,N,V,153,61,17,20,20.7,M,A,S,
csm08,1,2016,7/12/16,SpB,N,15,PMMA,,,NK269664,N,V,136,57,14,19,14.5,F,A,CSN,
csm08,1,2016,7/13/16,SpB,N,17,PMMA,,,NK269702,N,V,143,59,17,19,21.5,M,A,S,
csm08,1,2016,7/13/16,SpB,N,18,PMMA,,,NK269703,N,V,143,55,16,19,15.6,M,A,S,
csm08,1,2016,8/4/16,SpB,S,3,PMMA,213,,,Y,R,,,,,,,,,
csm08,1,2016,8/5/16,SpB,S,4,PMMA,213,,,Y,R,,,,,,,,,
csm08,1,2016,8/2/16,SpB,S,5,PMMA,363,,,N,R,,,,,14,F,A,CSN,
csm08,1,2016,8/3/16,SpB,S,5,PMMA,213,,,N,R,,,,,14,F,A,CSN,
csm08,1,2016,8/3/16,SpB,S,5,PMMA,391,,,N,R,,,,,20,M,A,S,
csm08,1,2016,8/4/16,SpB,S,5,PMMA,391,,,Y,R,,,,,,,,,RELEASED AT STN.#20
csm08,1,2016,8/2/16,SpB,S,11,PMMA,359,,,N,R,,,,,19,M,A,S,
csm08,1,2016,8/5/16,SpB,S,12,PMMA,359,,,Y,R,,,,,,,,,
csm08,1,2016,8/5/16,SpB,S,15,PMMA,314,,,Y,R,,,,,,,,,
csm08,1,2016,8/4/16,SpB,S,16,PMMA,314,,,N,R,,,,,16.5,F,A,CEN,
csm08,1,2016,8/5/16,SpB,S,19,PMMA,391,,,Y,R,,,,,,,,,
csm08,1,2016,7/21/16,SuB,E,2,PMMA,264,,,N,R,,58,19,15,19,M,A,S,
csm08,1,2016,7/23/16,SuB,E,2,PMMA,256,,,N,R,,58,19,,15,F,A,CSN,
csm08,1,2016,7/21/16,1D,E,1,PMMA,288,,,N,R,,58,20,14,16,F,A,CSN,
csm08,1,2016,7/23/16,1D,E,1,PMMA,188,,,Y,R,,,,,,,,,
csm08,1,2016,7/20/16,1D,E,2,REME,120,,,N,R,,66,16,13,10,M,A,S,
csm08,1,2016,7/22/16,1D,E,2,REME,120,,,Y,R,,,,,,,,,
csm08,1,2016,7/23/16,1D,E,3,REME,296,,,N,R,,70,16,,11,M,A,S,
csm08,1,2016,7/23/16,1D,E,6,REME,120,,,Y,R,,,,,,,,,
csm08,1,2016,7/21/16,1D,E,9,REME,208,,,N,R,,60,17,13,10.5,F,A,CEN,
csm08,1,2016,7/20/16,1D,E,11,REME,251,,,N,R,,62,16,12,11,M,A,S,
csm08,1,2016,7/23/16,1D,E,20,REME,263,,,N,R,,65,16,,10,M,A,S,
csm08,1,2016,7/27/16,1D,W,17,REME,,,NK269789,N,V,145,74,15,18,14.2,M,A,S,
csm08,1,2016,7/13/16,4B,E,11,REME,,,NK269689,N,V,146,65,15,17,14,M,A,S,
csm08,1,2016,7/15/16,4B,E,11,REME,,,NK269749,N,V,134,69,14,17,10.9,M,A,S,
csm08,1,2016,7/14/16,4B,E,14,REME,,,NK269730,N,V,136,66,15,17,9.6,F,A,CSN,
csm08,1,2016,7/23/16,4B,W,10,REME,151,,,Y,R,,,,,,,,,
csm08,1,2016,7/23/16,4B,W,10,REME,241,,,N,R,,61,15,,8,F,SA,CSN,
csm08,1,2016,7/21/16,4B,W,11,REME,210,,,N,R,,67,12,13,10.5,M,A,S,
csm08,1,2016,7/22/16,4B,W,11,REME,151,,,N,R,,75,18,12,10,M,A,S,
csm08,1,2016,7/23/16,4B,W,13,REME,284,,,N,R,,65,16,14,8,M,SA,S,
csm08,1,2016,7/23/16,4B,W,.,REME,214,,,N,R,,64,16,,7,F,Juv,CSN,
csm08,1,2016,7/14/16,4F,E,1,REME,,,NK269723,N,V,143,69,14,17,10.3,M,A,S,
csm08,1,2016,7/13/16,4F,E,2,REME,,,NK269691,N,V,141,63,14,16,16.3,M,A,S,
csm08,1,2016,7/12/16,4F,E,5,REME,,,NK269667,N,V,138,69,15,17,11.3,M,A,S,
csm08,1,2016,7/14/16,4F,E,5,REME,,,NK269724,N,V,146,66,14,17.5,11.7,M,A,S,
csm08,1,2016,7/13/16,4F,E,10,REME,,,NK269693,N,V,139,64,13,17,9.8,F,SA,CSN,
csm08,1,2016,7/13/16,4F,E,13,REME,,,NK269694,N,V,143,65,14,16,12,M,A,S,
csm08,1,2016,7/15/16,4F,E,15,REME,,,NK269752,N,V,145,76,13,17,11.5,M,A,S,
csm08,1,2016,7/14/16,4F,E,16,REME,,,NK269727,N,V,152,69,14,17,12.4,M,A,S,
csm08,1,2016,7/13/16,4F,E,18,REME,,,NK269696,N,V,142,66,14,17,12,F,A,CSN,
csm08,1,2016,7/21/16,4F,W,1,REME,248,,,Y,R,,,,,,,,,
csm08,1,2016,7/23/16,4F,W,1,REME,201,,,Y,R,,,,,,,,,
csm08,1,2016,7/21/16,4F,W,2,REME,206,,,N,R,,73,12,13,12,M,A,S,
csm08,1,2016,7/22/16,4F,W,2,REME,206,,,Y,R,,,,,,,,,
csm08,1,2016,7/20/16,4F,W,3,REME,248,,,N,R,,63,17,13,11,F,A,OSN,
csm08,1,2016,7/22/16,4F,W,3,REME,201,,,N,R,,71,12,13,12,M,A,NS,
csm08,1,2016,7/23/16,4F,W,3,REME,206,,,Y,R,,,,,,,,,
csm08,1,2016,7/23/16,4F,W,3,REME,248,,,Y,R,,,,,,,,,
csm08,1,2016,7/20/16,4F,W,5,REME,287,,,N,R,,62,16,13,11,F,A,OEN,
csm08,1,2016,7/21/16,4F,W,5,REME,287,,,Y,R,,,,,,,,,
csm08,1,2016,7/22/16,4F,W,5,REME,239,,,N,R,,68,17,13,9,M,A,NS,
csm08,1,2016,7/23/16,4F,W,5,REME,239,,,Y,R,,,,,,,,,
csm08,1,2016,7/23/16,4F,W,5,REME,270,,,N,R,,72,16,,13.5,M,A,S,
csm08,1,2016,7/22/16,4F,W,8,REME,235,,,N,R,,68,17,12,11,M,A,S,
csm08,1,2016,7/20/16,4F,W,10,REME,286,,,N,R,,72,17,14,12,M,A,A,
csm08,1,2016,7/21/16,4F,W,10,REME,286,,,Y,R,,,,,,,,,
csm08,1,2016,7/22/16,4F,W,10,REME,286,,,Y,R,,,,,,,,,
csm08,1,2016,7/23/16,4F,W,10,REME,286,,,Y,R,,,,,,,,,
csm08,1,2016,7/23/16,4F,W,11,REME,258,,,N,R,,68,18,,14,F,A,CEN,
csm08,1,2016,7/23/16,4F,W,14,REME,205,,,N,R,,70,17,,12,F,A,OEN,
csm08,1,2016,7/22/16,4F,W,15,REME,268,,,N,R,,69,16,12,13,M,A,NS,
csm08,1,2016,7/21/16,4F,W,16,REME,237,,,N,R,,62,12,12,9.5,M,A,S,
csm08,1,2016,7/23/16,4F,W,16,REME,268,,,Y,R,,,,,,,,,
csm08,1,2016,7/23/16,4F,W,17,REME,283,,,N,R,,68,16,,12,M,A,S,
csm08,1,2016,7/22/16,4F,W,18,REME,226,,,N,R,,70,17,12,12.5,M,A,S,
csm08,1,2016,7/23/16,4F,W,18,REME,281,,,N,R,,66,18,,10,M,A,S,
csm08,1,2016,7/23/16,4F,W,19,REME,226,,,Y,R,,,,,,,,,
csm08,1,2016,7/26/16,R20A,E,2,REME,,,NK269776,N,V,143,73,14,18,13,M,A,S,
csm08,1,2016,7/27/16,R20A,E,8,REME,,,NK269807,N,V,141,70,14,17,10.9,F,A,CEL,
csm08,1,2016,7/28/16,R20A,E,10,REME,,,NK269816,N,V,152,73,15,18,14.2,F,A,CEN,
csm08,1,2016,7/29/16,R20A,E,13,REME,,,NK269835,N,V,139,71,15,18,12.8,M,A,S,
csm08,1,2016,8/4/16,R20A,W,6,REME,376,,,N,R,,,,,12,M,A,S,
csm08,1,2016,8/2/16,SpB,S,7,REME,345,,,N,R,,,,,10,M,A,S,
csm08,1,2016,8/3/16,SpB,S,10,REME,385,,,N,R,,,,,12.5,M,A,S,
csm08,1,2016,8/4/16,SpB,S,15,REME,345,,,Y,R,,,,,,M,A,S,
csm08,1,2016,7/23/16,SuB,E,10,REME,222,,,N,R,,72,16,,12,M,A,S,
csm08,1,2016,7/21/16,SuB,E,15,REME,238,,,N,R,,72,18,13,12,M,A,S,
csm08,1,2016,7/22/16,SuB,E,15,REME,133,,,N,R,,59,11,12,9.5,F,A,CEN ,
csm08,1,2016,7/23/16,SuB,E,15,REME,238,,,Y,R,,,,,,,,,
csm08,1,2016,7/20/16,SuB,W,11,REME,,,NK269866,N,V,134,51,17,14,15,M,A,S,[134] and [51]are not  accurate
csm08,1,2016,7/21/16,SuB,W,11,REME,,,NK269869,N,V,147,71,20,15,11,F,A,CSN,
csm08,1,2016,7/22/16,1D,E,3,REMO,209,,,N,R,,54,15,12,9.5,M,A,S,
csm08,1,2016,7/29/16,1D,W,2,REMO,,,NK269829,N,V,130,63,14,16,9.7,M,A,S,
csm08,1,2016,8/2/16,R20A,W,1,REMO,204,,,N,R,,,,,6,F,Juv,CSN,
csm08,1,2016,8/5/16,SpB,S,2,ICTR,.,,,Y,R,,,,,,,,,ESCAPED
csm08,1,2016,7/20/16,1D,E,7,SIHI,254,,,N,R,,114,34,22,145,M,A,S,
csm08,1,2016,7/22/16,1D,E,7,SIHI,271,,,Y,R,,,,,,,,,
csm08,1,2016,7/21/16,1D,E,14,SIHI,271,,,N,R,,111,32,79,125,M,A,S,
csm08,1,2016,7/21/16,1D,E,15,SIHI,254,,,Y,R,,,,,,,,,
csm08,1,2016,7/23/16,1D,E,20,SIHI,229,,,N,R,,65,23,,22,M,Juv,NS,
csm08,1,2016,8/4/16,20B,E,7,SIHI,373,,,Y,R,,,,,,,,,
csm08,1,2016,8/5/16,20B,E,7,SIHI,303,,,N,R,,,,,,M,A,,
csm08,1,2016,8/3/16,20B,E,9,SIHI,373,,,N,R,,,,,100,F,A,OEN,
csm08,1,2016,8/5/16,20B,E,10,SIHI,329,,,N,R,,,,,,M,A,NS,
csm08,1,2016,8/2/16,20B,E,13,SIHI,364,,,N,R,,,,,140,F,A,CSN,
csm08,1,2016,8/4/16,20B,E,13,SIHI,364,,,Y,R,,,,,,,,,
csm08,1,2016,8/5/16,20B,E,14,SIHI,379,,,N,R,,,,,,M,A,,
csm08,1,2016,8/4/16,20B,E,17,SIHI,317,,,N,R,,,,,56,M,SA,NS,
csm08,1,2016,8/4/16,20B,E,20,SIHI,.,,,N,R,,,,,,F,SA,CSN,ESCAPED
csm08,1,2016,7/13/16,20B,W,5,SIHI,,,NK269707,N,V,265,109,20,31,119.2,F,A,CLN,
csm08,1,2016,7/13/16,20B,W,7,SIHI,,,NK269709,N,V,172,72,17,24,29.5,M,SA,NS,
csm08,1,2016,7/14/16,20B,W,12,SIHI,,,NK269740,N,V,251,105,19,31,102.8,F,A,CSN,
csm08,1,2016,7/13/16,20B,W,14,SIHI,,,NK269715,N,V,183,75,17,23,34.3,F,SA,CSN,
csm08,1,2016,7/15/16,20B,W,17,SIHI,,,NK269760,N,V,242,106,20,30,93.8,F,A,CEL,
csm08,1,2016,7/12/16,20B,W,18,SIHI,,,NK269684,N,V,250,110,19,30,83.2,F,A,CEL,
csm08,1,2016,7/15/16,20B,W,18,SIHI,,,NK269754,N,V,162,74,16,25,23.5,M,JUV,NS,
csm08,1,2016,7/15/16,20B,W,18,SIHI,,,NK269758,N,V,186,78,17,28,36.6,M,JUV,NS,
csm08,1,2016,7/12/16,20B,W,19,SIHI,,,NK269685,N,V,180,81,17,27,33.2,M,A,NS,
csm08,1,2016,7/12/16,20B,W,19,SIHI,,,NK269686,N,V,257,118,19,31,93.5,M,A,S,
csm08,1,2016,7/14/16,20B,W,19,SIHI,,,NK269745,N,V,243,94,19,31,86.9,M,A,S,
csm08,1,2016,7/14/16,20B,W,19,SIHI,,,NK269746,N,V,186,78,18,27,35,F,SA,CSN,
csm08,1,2016,7/14/16,20B,W,20,SIHI,,,NK269747,N,V,265,93,20,28,185.2,F,A,CLL,
csm08,1,2016,7/20/16,4B,W,13,SIHI,298,,,N,R,,105,31,16,120,F,A,CSN,
csm08,1,2016,7/22/16,4B,W,14,SIHI,298,,,Y,R,,,,,,,,,
csm08,1,2016,7/23/16,4B,W,15,SIHI,298,,,Y,R,,,,,,,,,
csm08,1,2016,7/14/16,4F,E,11,SIHI,,,NK269726,N,V,235,100,18,29,68.7,F,A,CSN,
csm08,1,2016,7/15/16,4F,E,15,SIHI,,,NK269751,N,V,243,107,18,31,86.1,M,A,S,
csm08,1,2016,7/20/16,4F,W,20,SIHI,250,,,N,R,,115,30,20,125,M,A,S,
csm08,1,2016,7/21/16,4F,W,20,SIHI,175,,,N,R,,106,31,20,140,M,A,S,
csm08,1,2016,7/21/16,4F,W,20,SIHI,221,,,N,R,,100,29,18,97,F,A,OSN,
csm08,1,2016,7/22/16,4F,W,20,SIHI,221,,,Y,R,,,,,,,,,
csm08,1,2016,7/23/16,4F,W,20,SIHI,221,,,Y,R,,,,,,,,,
csm08,1,2016,7/23/16,4F,W,20,SIHI,265,,,N,R,,110,31,,110,M,A,S,
csm08,1,2016,7/29/16,R1A,N,1,SIHI,,,NK269836,N,V,199,90,20,28,35.8,M,JUV,NS,
csm08,1,2016,7/26/16,R1A,N,2,SIHI,,,NK269774,N,V,183,78,17,26,33.6,M,JUV,NS,
csm08,1,2016,7/29/16,R1A,N,2,SIHI,,,NK269837,N,V,146,63,15,23,19.2,F,JUV,CSN,
csm08,1,2016,7/28/16,R1A,N,3,SIHI,,,NK269817,N,V,196,88,19,29,44.2,M,SA,S,
csm08,1,2016,7/28/16,R1A,N,3,SIHI,,,NK269818,N,V,186,76,17,27,34.6,M,SA,S,
csm08,1,2016,7/29/16,R1A,N,3,SIHI,,,NK269838,N,V,197,89,17,28,41.9,M,SA,S,
csm08,1,2016,7/26/16,R1A,N,4,SIHI,,,NK269773,N,V,187,82,18,26,33.6,M,JUV,NS,
csm08,1,2016,7/27/16,R1A,N,4,SIHI,,,NK269793,N,V,278,126,22,31,136.2,F,A,OEN,
csm08,1,2016,7/29/16,R1A,N,4,SIHI,,,NK269839,N,V,185,78,18,26,33.7,M,JUV,NS,
csm08,1,2016,7/26/16,R1A,N,5,SIHI,,,NK269769,N,V,229,98,20,30,81.5,M,A,S,
csm08,1,2016,7/27/16,R1A,N,5,SIHI,,,NK269794,N,V,192,84,18,28,38.6,F,JUV,CSN,
csm08,1,2016,7/27/16,R1A,N,5,SIHI,,,NK269795,N,V,198,87,18,29,40.1,M,SA,S,
csm08,1,2016,7/28/16,R1A,N,5,SIHI,,,NK269820,N,V,265,105,19,30,141.3,M,A,S,
csm08,1,2016,7/28/16,R1A,N,5,SIHI,,,NK269821,N,V,199,86,19,29,45.7,M,SA,S,
csm08,1,2016,7/29/16,R1A,N,5,SIHI,,,NK269840,N,V,193,89,20,28,40.2,F,JUV,CSN,
csm08,1,2016,7/29/16,R1A,N,5,SIHI,,,NK269841,N,V,201,89,19,27,43.2,M,SA,S,
csm08,1,2016,7/26/16,R1A,N,6,SIHI,,,NK269767,N,V,259,108,18,31,108.4,M,A,S,
csm08,1,2016,7/28/16,R1A,N,6,SIHI,,,NK269822,N,V,270,95,20,31,167.1,M,A,S,
csm08,1,2016,7/27/16,R1A,N,7,SIHI,,,NK269798,N,V,278,118,20,31,133.4,F,A,CEN,
csm08,1,2016,7/28/16,R1A,N,7,SIHI,,,NK269823,N,V,232,103,19,30,77.9,F,A,OSN,
csm08,1,2016,7/28/16,R1A,N,9,SIHI,,,NK269825,N,V,198,86,19,29,44.2,M,SA,S,
csm08,1,2016,7/27/16,R1A,N,10,SIHI,,,NK269799,N,V,173,78,16,27,30.3,F,JUV,CSN,
csm08,1,2016,7/29/16,R1A,N,10,SIHI,,,NK269843,N,V,261,115,22,31,123.5,F,A,OSN,
csm08,1,2016,7/29/16,R1A,N,10,SIHI,,,NK269844,N,V,185,80,18,27,37.2,M,JUV,NS,
csm08,1,2016,7/28/16,R1A,N,15,SIHI,,,NK269827,N,V,250,104,19,32,94.2,M,A,S,
csm08,1,2016,7/29/16,R1A,N,15,SIHI,,,NK269845,N,V,143,62,16,28,20.1,M,JUV,NS,
csm08,1,2016,7/27/16,R1A,N,16,SIHI,,,NK269802,N,V,187,81,19,27,37.4,M,SA,S,
csm08,1,2016,7/27/16,R1A,N,16,SIHI,,,NK269803,N,V,139,63,16,23,16.1,F,SJ,CSN,
csm08,1,2016,7/29/16,R1A,N,16,SIHI,,,NK269846,N,V,243,104,21,33,146,F,A,OSN,
csm08,1,2016,7/29/16,R1A,N,16,SIHI,,,NK269847,N,V,139,61,15,24,17.9,F,JUV,CSN,
csm08,1,2016,7/26/16,R1A,N,17,SIHI,,,NK269772,N,V,215,94,20,31,65.9,M,A,S,
csm08,1,2016,7/29/16,R1A,N,17,SIHI,,,NK269848,N,V,142,65,15,23,15.34,F,JUV,CSN,
csm08,1,2016,7/29/16,R1A,N,17,SIHI,,,NK269849,N,V,199,85,19,27,47.8,F,SA,CSN,
csm08,1,2016,8/5/16,R1A,S,1,SIHI,310,,,Y,R,,,,,,,,,
csm08,1,2016,8/5/16,R1A,S,2,SIHI,347,,,Y,R,,,,,,,,,
csm08,1,2016,8/5/16,R1A,S,2,SIHI,361,,,Y,R,,,,,,,,,
csm08,1,2016,8/2/16,R1A,S,5,SIHI,361,,,N,R,,,,,170,F,A,OEN,
csm08,1,2016,8/4/16,R1A,S,5,SIHI,347,,,N,R,,,,,,M,A,NS,VERY LARGE
csm08,1,2016,8/5/16,R1A,S,7,SIHI,383,,,N,R,,,,,,M,A,,
csm08,1,2016,8/3/16,R1A,S,8,SIHI,371,,,N,R,,,,,160,F,A,CEN,PREGNANT
csm08,1,2016,8/4/16,R1A,S,8,SIHI,341,,,Y,R,,,,,,M,Juv,NS,
csm08,1,2016,8/5/16,R1A,S,8,SIHI,341,,,Y,R,,,,,,,,,
csm08,1,2016,8/5/16,R1A,S,8,SIHI,351,,,Y,R,,,,,,,,,
csm08,1,2016,8/2/16,R1A,S,9,SIHI,346,,,N,R,,,,,40,F,Juv,CSN,
csm08,1,2016,8/3/16,R1A,S,9,SIHI,343,,,N,R,,,,,165,M,A,NS,
csm08,1,2016,8/4/16,R1A,S,9,SIHI,351,,,N,R,,,,,,M,Juv,NS,
csm08,1,2016,8/5/16,R1A,S,9,SIHI,349,,,Y,R,,,,,,,,,
csm08,1,2016,8/3/16,R1A,S,10,SIHI,341,,,N,R,,,,,41,M,Juv,NS,
csm08,1,2016,8/3/16,R1A,S,10,SIHI,368,,,Y,R,,,,,,,,,
csm08,1,2016,8/3/16,R1A,S,10,SIHI,369,,,N,R,,,,,140,M,A,S,
csm08,1,2016,8/4/16,R1A,S,10,SIHI,369,,,Y,R,,,,,,M,A,S,
csm08,1,2016,8/2/16,R1A,S,11,SIHI,368,,,N,R,,,,,,F,A,OEN,
csm08,1,2016,8/5/16,R1A,S,11,SIHI,372,,,N,R,,,,,,M,A,,
csm08,1,2016,8/2/16,R1A,S,12,SIHI,203,,,N,R,,,,,20,M,Juv,NS,
csm08,1,2016,8/3/16,R1A,S,12,SIHI,349,,,N,R,,,,,44,M,Juv,NS,
csm08,1,2016,8/4/16,R1A,S,12,SIHI,203,,,Y,R,,,,,,M,Juv,NS,
csm08,1,2016,8/4/16,R1A,S,12,SIHI,349,,,Y,R,,,,,,M,Juv,NS,
csm08,1,2016,8/5/16,R1A,S,12,SIHI,203,,,Y,R,,,,,,,,,
csm08,1,2016,8/5/16,R1A,S,12,SIHI,382,,,Y,R,,,,,,,,,
csm08,1,2016,8/3/16,R1A,S,13,SIHI,365,,,Y,R,,,,,,,,,
csm08,1,2016,8/3/16,R1A,S,13,SIHI,399,,,Y,R,,,,,,,,,
csm08,1,2016,8/4/16,R1A,S,13,SIHI,399,,,Y,R,,,,,,F,Juv,CSN,
csm08,1,2016,8/5/16,R1A,S,13,SIHI,399,,,Y,R,,,,,,,,,
csm08,1,2016,8/5/16,R1A,S,13,SIHI,.,,,N,R,,,,,,,,,ESCAPED
csm08,1,2016,8/2/16,R1A,S,14,SIHI,399,,,N,R,,,,,23,F,Juv,CSN,
csm08,1,2016,8/3/16,R1A,S,14,SIHI,.,,,N,R,,,,,,,,,ESCAPED
csm08,1,2016,8/3/16,R1A,S,14,SIHI,.,,,N,R,,,,,25,F,Juv,CSN,ESCAPED
csm08,1,2016,8/4/16,R1A,S,14,SIHI,310,,,N,R,,,,,,M,A,S,
csm08,1,2016,8/4/16,R1A,S,14,SIHI,.,,,N,R,,,,,,,,,ESCAPED
csm08,1,2016,8/5/16,R1A,S,14,SIHI,242,,,Y,R,,,,,,,,,
csm08,1,2016,8/3/16,R1A,S,15,SIHI,203,,,Y,R,,,,,,M,Juv,,
csm08,1,2016,8/4/16,R1A,S,15,SIHI,321,,,N,R,,,,,25,M,Juv,NS,
csm08,1,2016,8/2/16,R1A,S,16,SIHI,242,,,N,R,,,,,80,M,SA,S,
csm08,1,2016,8/3/16,R1A,S,16,SIHI,337,,,N,R,,,,,28,F,Juv,CSN,
csm08,1,2016,8/3/16,R1A,S,16,SIHI,348,,,Y,R,,,,,,M,Juv,,
csm08,1,2016,8/5/16,R1A,S,16,SIHI,393,,,Y,R,,,,,,,,,
csm08,1,2016,8/2/16,R1A,S,17,SIHI,348,,,N,R,,,,,33,M,Juv,NS,
csm08,1,2016,8/2/16,R1A,S,17,SIHI,397,,,N,R,,,,,60,F,SA,CSN,
csm08,1,2016,8/3/16,R1A,S,17,SIHI,393,,,N,R,,,,,37,M,Juv,NS,
csm08,1,2016,8/4/16,R1A,S,17,SIHI,382,,,N,R,,,,,65,F,SA,CSN,
csm08,1,2016,8/5/16,R1A,S,17,SIHI,362,,,Y,R,,,,,,,,,
csm08,1,2016,8/5/16,R1A,S,17,SIHI,.,,,N,R,,,,,,,,,ESCAPED
csm08,1,2016,8/2/16,R1A,S,18,SIHI,342,,,N,R,,,,,210,F,A,OEN,PREGNANT
csm08,1,2016,8/2/16,R1A,S,18,SIHI,360,,,N,R,,,,,150,M,A,NS,
csm08,1,2016,8/2/16,R1A,S,18,SIHI,362,,,N,R,,,,,25,F,Juv,CSN,
csm08,1,2016,8/4/16,R1A,S,18,SIHI,342,,,Y,R,,,,,,,,,
csm08,1,2016,8/4/16,R1A,S,18,SIHI,360,,,Y,R,,,,,,,,,
csm08,1,2016,8/5/16,R1A,S,18,SIHI,343,,,Y,R,,,,,,,,,
csm08,1,2016,8/4/16,R1A,S,19,SIHI,327,,,N,R,,,,,,M,A,S,
csm08,1,2016,8/4/16,R1A,S,19,SIHI,397,,,Y,R,,,,,,F,SA,,
csm08,1,2016,8/5/16,R1A,S,19,SIHI,327,,,Y,R,,,,,,,,,
csm08,1,2016,8/5/16,R1A,S,19,SIHI,397,,,Y,R,,,,,,,,,
csm08,1,2016,7/28/16,R20A,E,3,SIHI,,,NK269814,N,V,264,116,20,30,130,F,A,CSN,
csm08,1,2016,7/26/16,R20A,E,4,SIHI,,,NK269777,N,V,265,108,20,31,156.7,F,A,OEN,
csm08,1,2016,7/27/16,R20A,E,4,SIHI,,,NK269806,N,V,210,99,19,29,49.6,F,SA,CSN,
csm08,1,2016,7/29/16,R20A,E,4,SIHI,,,NK269834,N,V,202,91,20,28,46.2,M,SA,NS,
csm08,1,2016,7/26/16,R20A,E,7,SIHI,,,NK269778,N,V,191,82,19,29,45,F,JUV,CSN,
csm08,1,2016,7/28/16,R20A,E,9,SIHI, ,,NK269815,N,V,212,91,18,29,58.3,M,SA,S,
csm08,1,2016,7/27/16,R20A,E,16,SIHI,,,NK269808,N,V,181,85,19,26,35.7,M,SA,S,
csm08,1,2016,7/27/16,R20A,E,20,SIHI,,,NK269809,N,V,199,86,19,28,38.8,M,SA,S,
csm08,1,2016,8/5/16,R20A,W,7,SIHI,316,,,N,R,,,,,,F,A,,
csm08,1,2016,7/15/16,SpB,N,17,SIHI,,,NK269763,N,V,257,121,19,31,91,M,A,S,
csm08,1,2016,8/2/16,SpB,S,6,SIHI,375,,,N,R,,,,,75,F,SA,CSN,
csm08,1,2016,8/4/16,SpB,S,8,SIHI,375,,,Y,R,,,,,,F,SA,CSN,
csm08,1,2016,8/4/16,SpB,S,10,SIHI,318,,,N,R,,,,,,M,A,S,
csm08,1,2016,8/5/16,SpB,S,11,SIHI,318,,,Y,R,,,,,,,,,
csm08,1,2016,8/5/16,SpB,S,15,SIHI,259,,,Y,R,,,,,,,,,
csm08,1,2016,8/2/16,SpB,S,16,SIHI,259,,,N,R,,,,,140,F,A,CSN,
csm08,1,2016,8/5/16,SpB,S,18,SIHI,354,,,N,R,,,,,,F,A,,
csm08,1,2016,8/3/16,SpB,S,20,SIHI,400,,,N,R,,,,,125,M,A,S,
csm08,1,2016,8/5/16,SpB,S,20,SIHI,332,,,N,R,,,,,,M,Juv,,
csm08,1,2016,7/20/16,SuB,E,7,SIHI,255,,,N,R,,115,32,20,145,F,A,CEN,
csm08,1,2016,7/21/16,SuB,E,7,SIHI,255,,,Y,R,,,,,,,,,
csm08,1,2016,7/22/16,SuB,E,7,SIHI,255,,,Y,R,,,,,,,,,
csm08,1,2016,7/23/16,SuB,E,8,SIHI,215,,,N,R,,111,32,,100,M,A,S,
csm08,1,2016,7/21/16,SuB,W,14,SIHI,,,NK269872,N,V,250,100,30,19,105.5,M,A,S,
csm08,1,2016,7/22/16,SuB,W,15,SIHI,,,NK269875,N,V,212,94,30,17,54,M,JUV,NS,
csm08,1,2017,5/29/17,1D,E,9,PMMA,330,,,N,R,,62,19,,19.5,F,A,CSN,PREGNANT?
csm08,1,2017,5/29/17,1D,E,12,PMMA,309,,,N,R,,58,19,13,16,M,A,S,
csm08,1,2017,5/29/17,4B,W,4,CHHI,305,,,N,R,,104,21,,54,M,A,NS,
csm08,1,2017,5/29/17,4B,W,10,MIOC,339,,,N,R,,20,15,10,36,M,A,NS,
csm08,1,2017,5/29/17,4B,W,5,PMLE,333,,,N,R,,74,22,16,22,F,A,OEN,
csm08,1,2017,5/29/17,4B,W,14,PMLE,320,,,N,R,,77,22,18,29,M,A,S,
csm08,1,2017,5/29/17,4B,W,19,PMLE,336,,,N,R,,74,23,17,28,M,A,S,
csm08,1,2017,5/29/17,4B,W,14,PMLE,312,,,N,R,,74,21,,18,M,A,S,
csm08,1,2017,5/29/17,4B,W,7,PMMA,118,,,N,R,,60,20,16,16.5,M,A,NS,TICK ON EAR
csm08,1,2017,5/29/17,4B,W,4,PMMA,340,,,N,R,,60,19,,15.5,M,A,NS,
csm08,1,2017,5/29/17,4B,W,1,REME,334,,,N,R,,,,,13.5,M,A,S,WHITE FUR PATCH
csm08,1,2017,5/29/17,4B,W,13,REME,331,,,N,R,,22,17,,12,M,A,S,OTB
csm08,1,2017,5/29/17,SuB,E,15,MIOC,306,,,N,R,,39,18,11,40,F,A,OEN,PREGNANT
csm08,1,2017,5/29/17,SuB,E,16,PMMA,389,,,N,R,,63,18,14,17,M,A,NS,
csm08,1,2017,5/30/17,1D,E,9,PMMA,325,,,N,R,,55,18,,17,M,A,NS,
csm08,1,2017,5/30/17,1D,E,12,PMMA,309,,,Y,R,,,,,,M,A,S,
csm08,1,2017,5/30/17,4B,W,4,CHHI,305,,,Y,R,,,,,,M,A,NS,
csm08,1,2017,5/30/17,4B,W,14,PMLE,311,,,N,R,,68,20,,15.5,F,JUV,CSN,
csm08,1,2017,5/30/17,4B,W,15,PMLE,322,,,N,R,,77,21,,27,F,A,CEN,PREGNANT
csm08,1,2017,5/30/17,4B,W,13,PMLE,320,,,Y,R,,,,,,M,A,S,
csm08,1,2017,5/30/17,4B,W,5,PMLE,333,,,Y,R,,,,,,F,A,OSN,
csm08,1,2017,5/30/17,4B,W,3,PMMA,118,,,Y,R,,,,,,M,A,NS,
csm08,1,2017,5/30/17,4B,W,3,REME,392,,,N,R,,58,18,,12,F,SA,CSN,
csm08,1,2017,5/30/17,4B,W,1,REME,334,,,Y,R,,73,17,,13,M,A,S,
csm08,1,2017,5/30/17,SuB,E,19,MIOC,380,,,N,R,,30,18,,33,F,A,CSN,
csm08,1,2017,5/30/17,SuB,E,16,PMMA,389,,,Y,R,,,,,,M,A,NS,
csm08,1,2017,5/30/17,SuB,E,9,SIHI,307,,,N,R,,71,23,,28,M,JUV,NS,
csm08,1,2017,5/30/17,SuB,E,7,SIHI,379,,,N,R,,60,21,,18,M,JUV,NS,
csm08,1,2017,6/1/17,1D,E,5,PMMA,411,,,N,R,,61,18,,17,M,A,S,
csm08,1,2017,6/1/17,1D,E,13,PMMA,434,,,N,R,,61,19,,18,F,A,CEN,
csm08,1,2017,6/1/17,1D,E,18,PMMA,432,,,N,R,,55,18,,16.5,M,A,NS,
csm08,1,2017,6/1/17,1D,E,9,PMMA,309,,,Y,R,,,,,,M,A,S,FLEAS
csm08,1,2017,6/1/17,1D,E,9,PMMA,330,,,Y,R,,,,,,F,A,CEN,
csm08,1,2017,6/1/17,1D,E,8,PMMA,325,,,Y,R,,,,,,M,A,S,
csm08,1,2017,6/1/17,1D,E,15,REME,452,,,A,R,,70,17,,13,M,A,S,RIGHT EAR GONE-PROBABLE ANNUAL RECAP
csm08,1,2017,6/1/17,4B,w,19,PMLE,328,,,N,R,,78,23,,32,F,A,CEN,PREGNANT
csm08,1,2017,6/1/17,4B,W,12,PMLE,280,,,N,R,,73,21,,19.5,M,A,NS,
csm08,1,2017,6/1/17,4B,W,3,PMLE,302,,,N,R,,70,19,,18,M,JUV,NS,
csm08,1,2017,6/1/17,4B,W,16,PMLE,322,,,y,R,,,,,,F,A,CEN,
csm08,1,2017,6/1/17,4B,w,20,PMLE,336,,,Y,R,,,,,,M,A,S,
csm08,1,2017,6/1/17,4B,W,13,PMLE,320,,,Y,R,,,,,,M,A,S,
csm08,1,2017,6/1/17,4B,W,13,PMLE,311,,,Y,R,,,,,,F,Juv,CSN,
csm08,1,2017,6/1/17,4B,W,5,PMLE,333,,,Y,R,,,,,,F,A,CSN,PREGNANT
csm08,1,2017,6/1/17,4B,W,3,PMMA,118,,,Y,R,,,,,,M,A,NS,
csm08,1,2017,6/1/17,4B,W,7,PMMA,340,,,Y,R,,,,,,M,A,NS,
csm08,1,2017,6/1/17,4B,W,11,REME,358,,,N,R,,74,16,,15,M,A,NS,
csm08,1,2017,6/1/17,4B,W,1,REME,334,,,Y,R,,,,,,N,,,
csm08,1,2017,6/1/17,4B,W,6,REME,392,,,Y,R,,,,,,F,SA,CSN,
csm08,1,2017,6/1/17,4B,W,11,REME,313,,,Y,R,,,,,,M,A,NS,OTB (SAVE AS 331-LOST EAR TAG)
csm08,1,2017,6/1/17,4B,W,15,SIHI,315,,,N,R,,109,30,,130,M,A,NS,
csm08,1,2017,6/1/17,4B,W,14,SIHI,301,,,N,R,,68,23,,25,F,Juv,CSN,
csm08,1,2017,6/1/17,4B,W,15,SIHI,384,,,N,R,,110,32,,145,M,A,NS,
csm08,1,2017,6/1/17,4B,W,12,SIHI,,,,N,R,,,,,,N,,,GOT AWAY
csm08,1,2017,6/1/17,4F,W,1,REME,418,,,A,R,,69,17,,12,M,A,S,POSSIBLE ANNUAL RECAP/RIPPED EAR
csm08,1,2017,6/1/17,4F,W,20,SIHI,435,,,N,R,,109,31,,150,F,A,OEN,
csm08,1,2017,6/1/17,4F,W,14,SIHI,449,,,N,R,,93,30,,145,F,A,CSN,PREGNANT
csm08,1,2017,6/1/17,4F,W,17,SIHI,429,,,N,R,,68,26,,27,F,Juv,CSN,
csm08,1,2017,6/1/17,4F,W,12,SIHI,444,,,N,R,,101,31,,140,F,A,CEN,PREGNANT
csm08,1,2017,6/1/17,4F,W,11,SIHI,445,,,N,R,,110,31,,135,M,A,S,
csm08,1,2017,6/1/17,4F,W,12,SIHI,439,,,N,R,,66,26,,31,F,Juv,CSN,
csm08,1,2017,6/1/17,4F,W,11,SIHI,420,,,N,R,,68,25,,28,F,Juv,CSN,
csm08,1,2017,6/1/17,4F,W,5,SIHI,419,,,N,R,,103,30,,110,M,A,NS,
csm08,1,2017,6/1/17,SuB,E,9,MIOC,323,,,N,R,,30,18,,29,M,A,S,FLEAS
csm08,1,2017,6/1/17,SuB,E,15,MIOC,306,,,Y,R,,,,,,F,A,OEN,PREGNANT
csm08,1,2017,6/1/17,SuB,E,17,PMMA,422,,,N,R,,55,19,,16.5,F,A,CEN,
csm08,1,2017,6/1/17,SuB,E,16,PMMA,389,,,Y,R,,,,,,M,A,S,
csm08,1,2017,6/1/17,SuB,E,13,SIHI,423,,,N,R,,95,30,,120,F,A,CSN,
csm08,1,2017,6/1/17,SuB,E,7,SIHI,440,,,N,R,,69,25,,32,M,Juv,NS,
csm08,1,2017,6/1/17,SuB,E,8,SIHI,379,,,Y,R,,,,,,N,JUV,,
csm08,1,2017,6/2/17,1D,E,5,PMMA,417,,,N,R,,58,18,,15,F,A,CSN,
csm08,1,2017,6/2/17,1D,E,10,PMMA,309,,,Y,R,,,,,,M,A,S,
csm08,1,2017,6/2/17,1D,E,7,PMMA,325,,,Y,R,,,,,,M,A,S,
csm08,1,2017,6/2/17,1D,E,9,PMMA,330,,,Y,R,,,,,,M,A,NS,
csm08,1,2017,6/2/17,1D,E,4,PMMA,411,,,Y,R,,,,,,M,A,S,
csm08,1,2017,6/2/17,4B,W,3,CHHI,305,,,Y,R,,,,,,M,A,NS,
csm08,1,2017,6/2/17,4B,W,20,PMLE,328,,,Y,R,,,,,,F,A,CEN,PREGNANT
csm08,1,2017,6/2/17,4B,W,13,PMLE,312,,,Y,R,,,,,,M,A,S,
csm08,1,2017,6/2/17,4B,W,13,PMLE,320,,,Y,R,,,,,,M,A,S,
csm08,1,2017,6/2/17,4B,W,5,PMLE,333,,,Y,R,,,,,,F,A,CSN,
csm08,1,2017,6/2/17,4B,W,11,PMLE,280,,,Y,R,,,,,,M,A,S,
csm08,1,2017,6/2/17,4B,W,12,PMLE,311,,,Y,R,,,,,,F,JUV,CSN,
csm08,1,2017,6/2/17,4B,W,4,PMLE,441,,,Y,R,,84,22,,26.5,F,A,CSN,PREGNANT
csm08,1,2017,6/2/17,4B,W,9,PMMA,340,,,Y,R,,,,,,M,A,S,
csm08,1,2017,6/2/17,4B,W,17,REME,313,,,Y,R,,,,,,M,A,NS,
csm08,1,2017,6/2/17,4B,W,10,REME,358,,,Y,R,,,,,,M,A,S,
csm08,1,2017,6/2/17,4B,W,15,SIHI,421,,,N,R,,120,30,,150,M,A,S,
csm08,1,2017,6/2/17,4B,W,16,SIHI,384,,,Y,R,,,,,,M,A,NS,
csm08,1,2017,6/2/17,4B,W,14,SIHI,315,,,Y,R,,,,,,M,A,NS,
csm08,1,2017,6/2/17,4F,W,20,PMLE,413,,,N,R,,70,21,,27,M,A,S,
csm08,1,2017,6/2/17,4F,W,9,REME,404,,,N,R,,73,17,,13,M,A,S,
csm08,1,2017,6/2/17,4F,W,1,REME,418,,,A,R,,,,,,M,A,S,
csm08,1,2017,6/2/17,4F,W,13,SIHI,416,,,N,R,,63,22,,24,M,JUV,NS,
csm08,1,2017,6/2/17,4F,W,11,SIHI,407,,,N,R,,62,23,,28,F,JUV,CSN,
csm08,1,2017,6/2/17,4F,W,11,SIHI,437,,,N,R,,108,31,,135,M,A,S,
csm08,1,2017,6/2/17,4F,W,4,SIHI,406,,,N,R,,104,32,,150,M,A,S,
csm08,1,2017,6/2/17,4F,W,4,SIHI,405,,,N,R,,102,30,,105,F,A,OEL,
csm08,1,2017,6/2/17,4F,W,15,SIHI,410,,,N,R,,63,24,,23,M,JUV,NS,
csm08,1,2017,6/2/17,4F,W,13,SIHI,420,,,Y,R,,,,,,F,JUV,,
csm08,1,2017,6/2/17,4F,W,12,SIHI,444,,,Y,R,,,,,,F,A,OSN,
csm08,1,2017,6/2/17,4F,W,12,SIHI,445,,,Y,R,,,,,,M,A,S,
csm08,1,2017,6/2/17,4F,W,18,SIHI,449,,,Y,R,,,,,150,F,A,OEN,PREGNANT
csm08,1,2017,6/2/17,SuB,E,3,MIOC,451,,,N,R,,33,18,,40,F,A,OEN,PREGNANT
csm08,1,2017,6/2/17,SuB,E,14,MIOC,450,,,N,R,,33,20,,40,F,A,CEN,PREGNANT
csm08,1,2017,6/2/17,SuB,E,11,MIOC,323,,,Y,R,,,,,,M,A,S,
csm08,1,2017,6/2/17,SuB,E,17,PMMA,422,,,Y,R,,,,,,F,A,OSN,
csm08,1,2017,6/2/17,SuB,E,7,SIHI,433,,,N,R,,55,22,,19,M,JUV,NS,
csm08,1,2017,6/2/17,SuB,E,8,SIHI,440,,,Y,R,,,,,,M,JUV,NS,
csm08,1,2017,6/2/17,SuB,E,8,SIHI,427,,,Y,R,,105,30,,115,M,A,NS,
csm08,1,2017,6/6/17,20B,W,6,DIVI,,,NK269913,N,V,377,140,31,35,135.3,M,JUV,NS,
csm08,1,2017,6/6/17,20B,W,7,NEFL,,,NK269925,N,V,347,140,39,25,197.3,M,A,S,
csm08,1,2017,6/6/17,20B,W,15,PMLE,,,NK269909,N,V,180,84,21,16,31.5,M,A,S,
csm08,1,2017,6/6/17,20B,W,13,PMLE,,,NK269910,N,V,193,88,22,17,31,F,A,OEL,
csm08,1,2017,6/6/17,20B,W,13,PMLE,,,NK269911,N,V,172,75,20,15,26,M,A,S,
csm08,1,2017,6/6/17,20B,W,6,PMLE,,,NK269912,N,V,155,49,22,19,29.4,F,?,OEL,
csm08,1,2017,6/6/17,20B,W,15,PMLE,,,NK269914,N,V,191,80,22,17,39.2,F,?,OEN,
csm08,1,2017,6/6/17,20B,W,14,PMLE,,,NK269915,N,V,175,78,22,46,29.1,F,A,CSN,
csm08,1,2017,6/6/17,20B,W,7,PMLE,,,NK269916,N,V,171,70,22,16,30.2,M,A,S,
csm08,1,2017,6/6/17,20B,W,8,PMLE,,,NK269917,N,V,172,77,22,15,33.2,F,A,OEL,
csm08,1,2017,6/6/17,20B,W,18,PMLE,,,NK269919,N,V,196,89,22,18,33.1,F,A,CEN,
csm08,1,2017,6/6/17,20B,W,2,PMLE,,,NK269920,N,V,179,79,22,15,31.2,F,A,CEL,
csm08,1,2017,6/6/17,20B,W,11,PMLE,,,NK269921,N,V,167,75,22,16,24,M,A,S,
csm08,1,2017,6/6/17,20B,W,6,PMLE,,,NK269922,N,V,168,70,22,14,26.3,M,A,S,
csm08,1,2017,6/6/17,20B,W,5,PMLE,,,NK269923,N,V,178,82,22,17,32.7,F,A,OEL,
csm08,1,2017,6/6/17,20B,W,8,PMLE,,,NK269924,N,V,167,72,21,16,26.8,M,SA,S,
csm08,1,2017,6/6/17,20B,W,9,SIHI,,,NK269918,N,V,254,98,30,16,121.2,F,A,OEL,
csm08,1,2017,6/6/17,4B,E,14,PMLE,,,NK269901,N,V,188,80,23,12,29,F,A,CEN,
csm08,1,2017,6/6/17,4B,E,9,PMLE,,,NK269902,N,V,166,71,20,17,26.5,F,A,OEL,
csm08,1,2017,6/6/17,4B,E,17,PMLE,,,NK269904,N,V,175,72,21,17,31.1,M,A,S,
csm08,1,2017,6/6/17,4B,E,12,PMLE,,,NK269907,N,V,164,74,22,17,19,M,A,S,
csm08,1,2017,6/6/17,4B,E,16,PMLE,,,NK269908,N,V,186,81,23,18,33.1,M,A,S,
csm08,1,2017,6/6/17,4B,E,7,PMMA,,,NK269906,N,V,150,60,18,16,17.3,M,A,S,
csm08,1,2017,6/6/17,4B,E,19,SIHI,,,NK269903,N,V,267,91,30,18,129.5,M,A,S,
csm08,1,2017,6/6/17,4B,E,19,SIHI,,,NK269905,N,V,259,86,29,19,133.2,F,A,OEL,
csm08,1,2017,6/6/17,4F,W,8,REME,,,NK269897,N,V,138,65,17,14,9.7,M,A,S,
csm08,1,2017,6/6/17,4F,W,11,SIHI,,,NK269898,N,V,252,99,29,20,121.8,M,A,S,
csm08,1,2017,6/6/17,SPB,W,6,PMMA,,,NK269899,N,V,130,48,19,15,12.8,F,SA,CSN,
csm08,1,2017,6/6/17,SPB,W,18,PMMA,,,NK269900,N,V,133,48,17,19,15.3,F,A,CEN,
csm08,1,2017,6/7/17,20B,W,15,DIVI,,,NK269951,N,V,336,150,32,39,136.1,M,JUV,NS,
csm08,1,2017,6/7/17,20B,W,2,PMLE,,,NK269938,N,V,180,82,21,18,30.9,F,A,CEL,
csm08,1,2017,6/7/17,20B,W,4,PMLE,,,NK269939,N,V,179,73,23,18,,F,A,CEN,
csm08,1,2017,6/7/17,20B,W,14,PMLE,,,NK269942,N,V,185,83,21,18,33.1,M,A,S,
csm08,1,2017,6/7/17,20B,W,10,PMLE,,,NK269943,N,V,178,81,22,17,29.4,M,A,S,
csm08,1,2017,6/7/17,20B,W,18,PMLE,,,NK269944,N,V,176,79,21,18,33.2,M,A,S,
csm08,1,2017,6/7/17,20B,W,16,PMLE,,,NK269945,N,V,169,74,23,16,26.1,M,A,S,
csm08,1,2017,6/7/17,20B,W,3,PMLE,,,NK269947,N,V,173,86,21,17,25.8,M,A,S,
csm08,1,2017,6/7/17,20B,W,15,PMLE,,,NK269948,N,V,183,87,24,18,31.9,M,A,S,
csm08,1,2017,6/7/17,20B,W,6,PMLE,,,NK269949,N,V,179,79,21,17,30.6,M,A,S,
csm08,1,2017,6/7/17,20B,W,11,PMLE,,,NK269950,N,V,176,86,22,18,29.5,M,A,S,
csm08,1,2017,6/7/17,20B,W,19,SIHI,,,NK269940,N,V,262,110,29,21,137.9,M,A,S,
csm08,1,2017,6/7/17,20B,W,12,SIHI,,,NK269941,N,V,289,180,29,20,174.5,M,A,S,
csm08,1,2017,6/7/17,20B,W,13,SIHI,,,NK269946,N,V,283,122,32,21,225.8,F,A,OEN,
csm08,1,2017,6/7/17,4B,E,13,PMLE,,,NK269930,N,V,151,71,22,17,15.1,F,JUV,CSN,
csm08,1,2017,6/7/17,4B,E,15,PMLE,,,NK269931,N,V,171,82,23,16,22.9,M,A,S,
csm08,1,2017,6/7/17,4B,E,17,PMLE,,,NK269932,N,V,170,79,22,19,26.6,F,A,CSN,
csm08,1,2017,6/7/17,4B,E,20,SIHI,,,NK269933,N,V,162,74,22,16,24.2,F,JUV,CSN,
csm08,1,2017,6/7/17,4B,E,20,SIHI,,,NK269934,N,V,190,82,26,17,52.8,M,SA,S,
csm08,1,2017,6/7/17,4F,E,18,REME,,,NK269926,N,V,,,,,,M,A,S,
csm08,1,2017,6/7/17,4F,E,3,REMO,,,NK269927,N,V,143,69,11,12,10.9,M,A,S,
csm08,1,2017,6/7/17,4F,E,6,SIHI,,,NK269928,N,V,270,110,29,20,140.4,F,A,OEL,
csm08,1,2017,6/7/17,4F,E,11,SIHI,,,NK269929,N,V,268,108,28,19,121.8,F,A,CEL,
csm08,1,2017,6/7/17,SPB,W,16,CHHI,,,NK269937,N,V,211,110,25,12,56.9,M,A,S,
csm08,1,2017,6/7/17,SPB,W,14,PMMA,,,NK269935,N,V,138,63,19,15,15.1,M,A,S,
csm08,1,2017,6/7/17,SPB,W,9,PMMA,,,NK269936,N,V,132,52,17,13,17.2,M,A,S,
csm08,1,2017,6/8/17,20B,W,15,NEFL,,,NK269965,N,V,351,140,38,24,,F,A,CSN,
csm08,1,2017,6/8/17,20B,W,20,PMLE,,,NK269966,N,V,185,88,23,16,33.2,F,A,CEN,
csm08,1,2017,6/8/17,20B,W,1,PMLE,,,NK269967,N,V,147,67,21,16,17.9,M,SA,S,
csm08,1,2017,6/8/17,20B,W,4,PMLE,,,NK269969,N,V,167,75,21,16,28.3,F,A,CEL,
csm08,1,2017,6/8/17,20B,W,16,PMLE,,,NK269970,N,V,183,76,23,16,33.1,M,A,S,
csm08,1,2017,6/8/17,20B,W,18,PMLE,,,NK269971,N,V,185,76,21,16,30.3,M,A,S,
csm08,1,2017,6/8/17,20B,W,20,PMLE,,,NK269972,N,V,176,76,22,16,25.9,F,A,CEN,
csm08,1,2017,6/8/17,20B,W,16,PMLE,,,NK269974,N,V,202,99,22,16,32,F,A,OEL,
csm08,1,2017,6/8/17,20B,W,5,PMLE,,,NK269975,N,V,136,61,21,13,11.8,F,JUV,CSN,
csm08,1,2017,6/8/17,20B,W,17,PMLE,,,NK269976,N,V,178,84,22,17,30.9,F,A,CEN,
csm08,1,2017,6/8/17,20B,W,9,SIHI,,,NK269964,N,V,255,105,30,18,139.9,M,A,S,
csm08,1,2017,6/8/17,20B,W,19,SIHI,,,NK269968,N,V,272,109,30,17,235.2,F,A,OEN,
csm08,1,2017,6/8/17,20B,W,17,SIHI,,,NK269973,N,V,,,,,,F,?,OEL,
csm08,1,2017,6/8/17,4B,E,7,MIOC,,,NK269956,N,V,135,30,20,11,32.8,M,A,S,
csm08,1,2017,6/8/17,4B,E,14,PMLE,,,NK269959,N,V,149,64,21,13,14,F,JUV,CSN,
csm08,1,2017,6/8/17,4B,E,12,PMMA,,,NK269957,N,V,150,49,17,13,12,F,SA,CSN,
csm08,1,2017,6/8/17,4B,E,19,SIHI,,,NK269958,N,V,250,96,29,17,148.3,M,A,S,
csm08,1,2017,6/8/17,4F,E,3,MIOC,,,NK269952,N,V,154,31,19,11,60.5,F,A,CEN,
csm08,1,2017,6/8/17,4F,E,19,MIOC,,,NK269955,N,V,139,29,18,9,28.5,F,SA,CSN,
csm08,1,2017,6/8/17,4F,E,18,REME,,,NK269954,N,V,123,58,16,12,6.7,F,JUV,CSN,
csm08,1,2017,6/8/17,4F,E,11,SIHI,,,NK269953,N,V,274,110,31,16,127.8,M,A,S,
csm08,1,2017,6/8/17,SPB,W,12,CHHI,,,NK269962,N,V,215,102,25,11,50.2,F,A,CEN,
csm08,1,2017,6/8/17,SPB,W,2,MIOC,,,NK269963,N,V,137,26,17,7,33.5,M,A,S,
csm08,1,2017,6/8/17,SPB,W,19,PMMA,,,NK269960,N,V,136,53,19,14,15,M,SA,S,
csm08,1,2017,6/8/17,SPB,W,14,PMMA,,,NK269961,N,V,142,60,18,13,16.3,F,A,CSN,
csm08,1,2017,6/9/17,20B,W,6,DIVI,,,NK269984,N,V,336,149,32,35,131,F,JUV,?,
csm08,1,2017,6/9/17,20B,W,6,NEFL,,,NK269978,N,V,311,162,38,27,207.1,M,A,NS,
csm08,1,2017,6/9/17,20B,W,16,NEFL,,,NK269983,N,V,393,170,39,29,341.4,F,A,OEL,
csm08,1,2017,6/9/17,20B,W,4,PMLE,,,NK269977,N,V,163,73,21,17,23.8,M,A,S,
csm08,1,2017,6/9/17,20B,W,17,PMLE,,,NK269979,N,V,164,75,23,16,26.7,M,A,S,
csm08,1,2017,6/9/17,20B,W,9,PMLE,,,NK269980,N,V,140,66,20,16,12.4,F,JUV,CSN,
csm08,1,2017,6/9/17,20B,W,1,PMLE,,,NK269981,N,V,178,79,22,17,30.4,M,A,S,
csm08,1,2017,6/9/17,20B,W,17,SIHI,,,NK269982,N,V,241,87,26,20,124.6,M,A,S,
csm08,1,2017,6/9/17,4B,E,15,PMLE,,,NK269987,N,V,157,71,21,18,18.9,M,A,S,
csm08,1,2017,6/9/17,4B,E,19,SIHI,,,NK269986,N,V,279,114,31,20,171.2,M,A,S,
csm08,1,2017,6/9/17,4B,E,19,SIHI,,,NK269988,N,V,259,109,21,22,138.7,M,A,S,
csm08,1,2017,6/9/17,4F,E,4,MIOC,,,NK269985,N,V,145,38,18,13,29.7,F,A,CSN,
csm08,1,2017,6/9/17,SPB,W,3,CHHI,,,NK269989,N,V,191,97,23,10,29.4,M,A,S,
csm08,1,2017,6/9/17,SPB,W,18,CHHI,,,NK269990,N,V,166,80,26,11,21.4,F,SA,CSN,
csm08,1,2017,6/13/17,20B,E,15,NEFL,495,,,N,R,,115,32,,90,F,JUV,CSN,
csm08,1,2017,6/13/17,20B,E,17,PMLE,425,,,N,R,,64,21,,12,M,JUV,NS,
csm08,1,2017,6/13/17,20B,E,18,PMLE,462,,,N,R,,54,19,,9,M,JUV,NS,
csm08,1,2017,6/13/17,20B,E,10,PMLE,488,,,N,R,,88,23,,34,M,A,S,
csm08,1,2017,6/13/17,20B,E,8,PMLE,484,,,N,R,,89,23,,35,F,A,CSN,
csm08,1,2017,6/13/17,20B,E,8,PMLE,366,,,A,R,,85,24,,33,M,A,S,
csm08,1,2017,6/13/17,20B,E,7,PMLE,476,,,N,R,,91,21,,34,F,A,CEN,PREGNANT
csm08,1,2017,6/13/17,20B,E,9,PMLE,326,,,A,R,,87,23,,35,F,A,CEN,
csm08,1,2017,6/13/17,20B,E,10,SIHI,492,,,N,R,,97,30,,159,F,A,OSN,
csm08,1,2017,6/13/17,20B,E,12,SIHI,485,,,N,R,,70,25,,35,M,A,NS,
csm08,1,2017,6/13/17,R1A,E,5,NEFL,428,,,N,R,,138,32,,180,F,A,OSN,
csm08,1,2017,6/13/17,R1A,E,15,PMLE,436,,,N,R,,80,22,,20,F,A,CSN,
csm08,1,2017,6/13/17,R1A,E,5,PMLE,430,,,N,R,,69,22,,20,M,A,NS,
csm08,1,2017,6/13/17,R1A,E,4,PMLE,412,,,N,R,,79,21,,25,F,A,CEN,PREGNANT
csm08,1,2017,6/13/17,R1A,E,6,PMLE,431,,,N,R,,69,22,,17,F,JUV,CSN,
csm08,1,2017,6/13/17,R1A,E,13,PMLE,408,,,N,R,,100,21,,33,M,A,S,
csm08,1,2017,6/13/17,R1A,E,12,PMLE,443,,,N,R,,88,22,,34,M,A,NS,
csm08,1,2017,6/13/17,R1A,E,1,PMMA,415,,,N,R,,62,19,,19,M,A,S,
csm08,1,2017,6/13/17,R1A,E,18,SIHI,401,,,N,R,,121,33,,190,F,A,CSN,
csm08,1,2017,6/13/17,R1A,E,14,SIHI,446,,,N,R,,84,31,,39,M,JUV,NS,
csm08,1,2017,6/13/17,R20A,W,11,PMLE,401,,,Y,R,,68,21,,18,F,A,CSN,
csm08,1,2017,6/13/17,R20A,W,14,PMLE,466,,,Y,R,,89,23,,36,M,A,S,
csm08,1,2017,6/13/17,R20A,W,16,SIHI,461,,,Y,R,,104,30,,160,F,A,CSN,
csm08,1,2017,6/13/17,SpB,E,17,PMLE,459,,,N,R,,76,21,,29,M,A,NS,also ET2100 (NEON)
csm08,1,2017,6/13/17,SpB,E,6,PMMA,447,,,N,R,,57,18,,20,M,A,S,
csm08,1,2017,6/13/17,SpB,E,20,PMMA,,3866,,A,R,,64,17,,23,M,A,S,NEON recapture
csm08,1,2017,6/13/17,SpB,E,18,PMMA,470,,,N,R,,61,17,,15,F,SA,OSN,
csm08,1,2017,6/13/17,SpB,E,7,SIHI,481,,,N,R,,91,32,,155,M,A,S,OTB
csm08,1,2017,6/13/17,SpB,E,10,SIHI,473,,,N,R,,122,34,,170,M,A,NS,
csm08,1,2017,6/13/17,SpB,E,19,SIHI,480,,,N,R,,86,29,,80,M,SA,NS,
csm08,1,2017,6/14/17,20B,E,16,PMLE,456,,,N,R,,73,21,,26,F,A,CEN,
csm08,1,2017,6/14/17,20B,E,17,PMLE,497,,,N,R,,74,22,,24,M,A,S,
csm08,1,2017,6/14/17,20B,E,7,PMLE,366,,,A,R,,,,,,M,A,S,
csm08,1,2017,6/14/17,20B,E,4,PMLE,496,,,N,R,,92,21,,23,M,A,S,
csm08,1,2017,6/14/17,20B,E,19,PMLE,468,,,N,R,,84,22,,34,F,A,CEN,PREGNANT
csm08,1,2017,6/14/17,20B,E,11,PMLE,499,,,N,R,,75,21,,19.5,M,A,NS,
csm08,1,2017,6/14/17,20B,E,18,PMLE,469,,,N,R,,72,23,,19,M,JUV,NS,
csm08,1,2017,6/14/17,20B,E,16,PMLE,355,,,A,R,,82,22,,31,M,A,S,
csm08,1,2017,6/14/17,20B,E,15,PMLE,454,,,N,R,,66,20,,13,F,JUV,CSN,
csm08,1,2017,6/14/17,20B,E,9,PMLE,488,,,Y,R,,,,,,M,A,NS,
csm08,1,2017,6/14/17,20B,E,18,PMLE,462,,,Y,R,,,,,,M,JUV,NS,
csm08,1,2017,6/14/17,20B,E,9,PMLE,326,,,Y,R,,,,,,F,A,CEN,
csm08,1,2017,6/14/17,20B,E,8,PMLE,484,,,Y,R,,,,,,F,A,CSN,
csm08,1,2017,6/14/17,20B,E,8,PMLE,476,,,Y,R,,,,,,F,A,CEN,PREGNANT
csm08,1,2017,6/14/17,20B,E,20,SIHI,490,,,N,R,,59,,,,F,JUV,,F?
csm08,1,2017,6/14/17,20B,E,10,SIHI,471,,,N,R,,66,24,,32,M,SA,S,
csm08,1,2017,6/14/17,20B,E,13,SIHI,492,,,Y,R,,,,,,F,A,CEN,PREGNANT
csm08,1,2017,6/14/17,R1A,E,5,NEFL,428,,,Y,R,,,,,,F,A,OSN,
csm08,1,2017,6/14/17,R1A,E,13,PMLE,475,,,N,R,,71,20,,19,F,JUV,CSN,
csm08,1,2017,6/14/17,R1A,E,8,PMLE,455,,,N,R,,70,21,,24,M,A,NS,BOTFLY ON SCROTUM
csm08,1,2017,6/14/17,R1A,E,17,PMLE,489,,,N,R,,67,21,,18,M,A,S,
csm08,1,2017,6/14/17,R1A,E,15,PMLE,436,,,Y,R,,,,,,F,A,CSN,
csm08,1,2017,6/14/17,R1A,E,15,PMLE,408,,,Y,R,,,,,,M,A,S,
csm08,1,2017,6/14/17,R1A,E,4,PMLE,430,,,Y,R,,69,,,,M,A,NS,
csm08,1,2017,6/14/17,R1A,E,2,PMLE,412,,,Y,R,,,,,,F,A,CEN,
csm08,1,2017,6/14/17,R1A,E,10,SIHI,487,,,N,R,,95,30,,145,M,A,S,
csm08,1,2017,6/14/17,R1A,E,6,SIHI,472,,,N,R,,75,27,,35,M,JUV,NS,
csm08,1,2017,6/14/17,R1A,E,12,SIHI,442,,,N,R,,86,26,,59,F,SA,CSN,
csm08,1,2017,6/14/17,R1A,E,10,SIHI,465,,,N,R,,102,29,,85,M,A,S,
csm08,1,2017,6/14/17,R20A,W,14,PMLE,477,,,N,R,,74,21,,26,M,A,NS,
csm08,1,2017,6/14/17,R20A,W,11,PMLE,424,,,Y,R,,,,,,F,A,CSN,
csm08,1,2017,6/14/17,SpB,E,18,MIOC,438,,,N,R,,30,19,,52,F,A,CEN,PREGNANT
csm08,1,2017,6/14/17,SpB,E,17,PMMA,459,2100,,Y,R,,78,21,,,M,A,NS,NEON recapture 2100/459
csm08,1,2017,6/14/17,SpB,E,15,SIHI,483,,,N,R,,87,27,,69,F,SA,CNS,
csm08,1,2017,6/14/17,SpB,E,14,SIHI,414,,,N,R,,85,28,,80,M,SA,NS,
csm08,1,2017,6/14/17,SpB,E,16,SIHI,494,,,N,R,,111,31,,190,F,A,OSN,PREGNANT
csm08,1,2017,6/14/17,SpB,E,20,SIHI,486,,,N,R,,58,22,,27,M,JUV,NS,
csm08,1,2017,6/14/17,SpB,E,8,SIHI,458,,,N,R,,108,29,,130,M,A,NS,
csm08,1,2017,6/14/17,SpB,E,7,SIHI,493,,,N,R,,87,29,,51,F,SA,OSN,
csm08,1,2017,6/14/17,SpB,E,8,SIHI,,,,Y,R,,,,,,N,,,ESCAPED
csm08,1,2017,6/14/17,SpB,E,19,SIHI,480,,,Y,R,,,,,,M,SA,NS,
csm08,1,2017,6/15/17,20B,E,9,PMLE,569,,,N,R,,78,22,,36,F,A,CEN,PREGNANT
csm08,1,2017,6/15/17,20B,E,10,PMLE,326,,,A,R,,,,,,F,A,CEN,PREGNANT
csm08,1,2017,6/15/17,20B,E,10,PMLE,366,,,A,R,,,,,,M,A,S,
csm08,1,2017,6/15/17,20B,E,16,PMLE,595,,,N,R,,71,22,,28,M,A,S,
csm08,1,2017,6/15/17,20B,E,16,PMLE,355,,,A,R,,,,,,M,A,S,
csm08,1,2017,6/15/17,20B,E,15,PMLE,454,,,Y,R,,,,,,F,JUV,CSN,
csm08,1,2017,6/15/17,20B,E,8,PMLE,484,,,Y,R,,,,,,F,A,CSN,
csm08,1,2017,6/15/17,20B,E,12,PMLE,499,,,Y,R,,,,,,M,A,S,
csm08,1,2017,6/15/17,20B,E,8,PMLE,476,,,Y,R,,,,,,F,A,CEN,
csm08,1,2017,6/15/17,20B,E,5,PMLE,469,,,Y,R,,,,,,M,JUV,NS,
csm08,1,2017,6/15/17,20B,E,16,PMLE,462,,,Y,R,,,,,,M,JUV,NS,
csm08,1,2017,6/15/17,20B,E,15,PMLE,497,,,Y,R,,,,,,M,A,NS,
csm08,1,2017,6/15/17,20B,E,2,PMMA,511,,,N,R,,54,18,,28,M,A,S,
csm08,1,2017,6/15/17,20B,E,7,SIHI,503,,,N,R,,71,27,,,F,JUV,CSN,
csm08,1,2017,6/15/17,20B,E,13,SIHI,492,,,Y,R,,,,,,F,A,CEN,PREGNANT
csm08,1,2017,6/15/17,R1A,E,5,NEFL,428,,,Y,R,,,,,,F,A,OEN,
csm08,1,2017,6/15/17,R1A,E,2,PMLE,467,,,N,R,,91,24,,34,M,A,NS,
csm08,1,2017,6/15/17,R1A,E,4,PMLE,430,,,Y,R,,,,,,M,A,S,
csm08,1,2017,6/15/17,R1A,E,15,PMLE,408,,,Y,R,,,,,,M,A,S,
csm08,1,2017,6/15/17,R1A,E,15,PMLE,436,,,Y,R,,,,,,F,A,CSN,
csm08,1,2017,6/15/17,R1A,E,13,PMLE,475,,,Y,R,,,,,,F,A,CSN,
csm08,1,2017,6/15/17,R1A,E,13,PMLE,443,,,Y,R,,,,,,M,A,NS,
csm08,1,2017,6/15/17,R1A,E,2,PMMA,491,,,N,R,,53,18,,18.5,M,A,NS,
csm08,1,2017,6/15/17,R1A,E,7,SIHI,482,,,N,R,,23,61,,,M,SA,NS,
csm08,1,2017,6/15/17,R1A,E,18,SIHI,436,,,N,R,,75,27,,49,M,SA,NS,
csm08,1,2017,6/15/17,R1A,E,14,SIHI,498,,,N,R,,87,28,,63,M,SA,NS,
csm08,1,2017,6/15/17,R1A,E,9,SIHI,460,,,N,R,,93,22,,69,F,SA,OSN,
csm08,1,2017,6/15/17,R1A,E,12,SIHI,474,,,N,R,,92,30,,57,M,SA,S,
csm08,1,2017,6/15/17,R1A,E,12,SIHI,448,,,N,R,,109,29,,160,M,A,S,
csm08,1,2017,6/15/17,R1A,E,14,SIHI,401,,,Y,R,,,,,,F,A,OSN,
csm08,1,2017,6/15/17,R20A,W,20,PMLE,525,,,N,R,,65,20,,172,F,A,CSN,
csm08,1,2017,6/15/17,R20A,W,11,PMLE,424,,,Y,R,,,,,,F,A,CSN,
csm08,1,2017,6/15/17,SpB,E,12,MIOC,545,,,N,R,,34,21,,28,M,A,NS,
csm08,1,2017,6/15/17,SpB,E,13,PMLE,533,,,N,R,,65,20,,13.5,F,JUV,CSN,
csm08,1,2017,6/15/17,SpB,E,18,PMMA,,3866,,A,R,,,,,,M,A,S,NEON
csm08,1,2017,6/15/17,SpB,E,4,PMMA,447,,,Y,R,,,,,,M,A,S,
csm08,1,2017,6/15/17,SpB,E,20,SIHI,599,,,N,R,,35,31,,145,F,A,OEN,OTB
csm08,1,2017,6/15/17,SpB,E,8,SIHI,505,,,N,R,,115,30,,139,M,A,S,
csm08,1,2017,6/15/17,SpB,E,20,SIHI,565,,,N,R,,91,29,,75,M,SA,NS,
csm08,1,2017,6/15/17,SpB,E,16,SIHI,494,,,Y,R,,,,,,F,A,CEN,NTB PREGNANT
csm08,1,2017,6/15/17,SpB,E,7,SIHI,481,,,Y,R,,,,,,M,A,S,OTB
csm08,1,2017,6/15/17,SpB,E,16,SIHI,480,,,Y,R,,,,,,M,SA,S,
csm08,1,2017,6/15/17,SpB,E,15,SIHI,414,,,Y,R,,,,,,M,SA,NS,
csm08,1,2017,6/16/17,20B,E,14,PMLE,504,,,N,R,,58,20,,14,M,JUV,NS,
csm08,1,2017,6/16/17,20B,E,10,PMLE,326,,,A,R,,,,,,F,A,OEN,
csm08,1,2017,6/16/17,20B,E,15,PMLE,355,,,A,R,,,,,,M,A,S,
csm08,1,2017,6/16/17,20B,E,8,PMLE,366,,,A,R,,,,,,M,A,S,
csm08,1,2017,6/16/17,20B,E,10,PMLE,488,,,Y,R,,,,,,M,A,S,ESCAPED @ SpBS
csm08,1,2017,6/16/17,20B,E,8,PMLE,476,,,Y,R,,,,,,F,A,CSN,
csm08,1,2017,6/16/17,20B,E,9,PMLE,569,,,Y,R,,,,,,F,A,CEN,PREGNANT
csm08,1,2017,6/16/17,20B,E,12,PMLE,499,,,Y,R,,,,,,M,A,NS,
csm08,1,2017,6/16/17,20B,E,15,PMLE,454,,,Y,R,,,,,,F,JUV,CSN,
csm08,1,2017,6/16/17,20B,E,9,PMLE,484,,,Y,R,,,,,,F,A,CEN,
csm08,1,2017,6/16/17,20B,E,16,PMLE,497,,,Y,R,,,,,,M,A,S,
csm08,1,2017,6/16/17,20B,E,16,PMLE,353,,,Y,R,,,,,,M,A,S,
csm08,1,2017,6/16/17,20B,E,2,PMMA,511,,,Y,R,,,,,,M,A,S,
csm08,1,2017,6/16/17,20B,E,1,SIHI,557,,,N,R,,91,28,,50,F,SA,CEN,
csm08,1,2017,6/16/17,20B,E,14,SIHI,571,,,N,R,,108,29,,135,M,A,S,
csm08,1,2017,6/16/17,20B,E,13,SIHI,576,,,N,R,,105,30,,160,M,A,S,
csm08,1,2017,6/16/17,20B,E,12,SIHI,471,,,Y,R,,,,,,M,JUV,NS,
csm08,1,2017,6/16/17,20B,E,13,SIHI,492,,,Y,R,,,,,115,F,A,OEL,GAVE BIRTH IN TRAP-10 EMBRYOS
csm08,1,2017,6/16/17,R1A,E,20,MIOC,553,,,N,R,,29,19,,46,F,A,OEN,PREGNANT
csm08,1,2017,6/16/17,R1A,E,20,MIOC,551,,,N,R,,26,19,,31,F,A,OSN,PREGNANT
csm08,1,2017,6/16/17,R1A,E,15,NEFL,560,,,N,R,,143,37,,310,F,A,CEN,
csm08,1,2017,6/16/17,R1A,E,5,NEFL,428,,,Y,R,,,,,,F,A,OEN,PREGNANT
csm08,1,2017,6/16/17,R1A,E,17,PMLE,528,,,N,R,,84,21,,35,M,A,S,
csm08,1,2017,6/16/17,R1A,E,12,PMLE,443,,,Y,R,,,,,,M,A,S,
csm08,1,2017,6/16/17,R1A,E,13,PMLE,475,,,Y,R,,,,,,F,JUV,CSN,
csm08,1,2017,6/16/17,R1A,E,7,PMLE,431,,,Y,R,,,,,,F,SA,CSN,
csm08,1,2017,6/16/17,R1A,E,15,PMLE,408,,,Y,R,,,,,,M,A,S,
csm08,1,2017,6/16/17,R1A,E,14,PMLE,436,,,Y,R,,,,,,F,A,CSN,
csm08,1,2017,6/16/17,R1A,E,7,PMLE,455,,,Y,R,,,,,,M,A,NS?,BOTFLY
csm08,1,2017,6/16/17,R1A,E,8,PMLE,489,,,Y,R,,,,,,M,A,S,
csm08,1,2017,6/16/17,R1A,E,3,PMLE,412,,,Y,R,,,,,,F,A,CEN,
csm08,1,2017,6/16/17,R1A,E,2,PMLE,467,,,Y,R,,,,,,M,A,S,
csm08,1,2017,6/16/17,R1A,E,4,PMLE,431,,,Y,R,,,,,,M,A,S,
csm08,1,2017,6/16/17,R1A,E,2,PMMA,491,,,Y,R,,,,,,M,A,S,
csm08,1,2017,6/16/17,R1A,E,9,SIHI,546,,,N,R,,114,29,,130,M,A,S,
csm08,1,2017,6/16/17,R1A,E,6,SIHI,529,,,N,R,,89,27,,59,M,SA,S,
csm08,1,2017,6/16/17,R1A,E,18,SIHI,540,,,N,R,,84,29,,63,F,SA,OSN,
csm08,1,2017,6/16/17,R1A,E,4,SIHI,568,,,N,R,,79,26,,69.5,F,SA,CSN,
csm08,1,2017,6/16/17,R1A,E,16,SIHI,463,,,Y,R,,,,,,M,SA,NS,
csm08,1,2017,6/16/17,R1A,E,8,SIHI,460,,,Y,R,,,,,,F,A,CSN,
csm08,1,2017,6/16/17,R20A,W,16,BLHY,,,,N,V,,,,,,N,,,COLLECTED
csm08,1,2017,6/16/17,R20A,W,12,BLHY,,,,N,V,,,,,,N,,,COLLECTED
csm08,1,2017,6/16/17,R20A,W,16,BLHY,,,NK269994,N,V,104,19,14,,10.2,F,A,CSN,
csm08,1,2017,6/16/17,R20A,W,7,MIOC,596,,,N,R,,29,20,,31,M,A,NS,
csm08,1,2017,6/16/17,R20A,W,2,PMMA,537,,,N,R,,60,18,,16,M,A,NS,
csm08,1,2017,6/16/17,R20A,W,14,PMMA,477,,,Y,R,,,,,,M,A,S,
csm08,1,2017,6/16/17,R20A,W,7,REME,542,,,N,R,,69,16,,13.5,M,A,S,
csm08,1,2017,6/16/17,R20A,W,8,SIHI,501,,,N,R,,89,27,,54,M,SA,NS,
csm08,1,2017,6/16/17,R20A,W,18,SIHI,594,,,N,R,,109,,,,F,A,OSN,
csm08,1,2017,6/16/17,SpB,E,12,MIOC,597,,,N,R,,39,20,,44,F,A,CSN,
csm08,1,2017,6/16/17,SpB,E,20,MIOC,593,,,N,R,,31,20,,52,M,A,S,
csm08,1,2017,6/16/17,SpB,E,9,MIOC,579,,,N,R,,31,19,,28,F,A,CSN,
csm08,1,2017,6/16/17,SpB,E,18,MIOC,438,,,Y,R,,,,,,F,A,OSN,
csm08,1,2017,6/16/17,SpB,E,8,SIHI,583,,,N,R,,87,30,,64,F,A,OSN,
csm08,1,2017,6/16/17,SpB,E,7,SIHI,543,,,N,R,,84,28,,110,M,A,S,
csm08,1,2017,6/16/17,SpB,E,15,SIHI,494,,,Y,R,,,,,,F,A,OEN,NTB PREGNANT
csm08,1,2017,6/16/17,SpB,E,17,SIHI,480,,,Y,R,,,,,,M,SA,NS,
csm08,1,2017,6/27/17,R1A,W,16,PMLE,,,NK269998,N,V,170,82,22,16,29.3,M,A,S,
csm08,1,2017,6/27/17,R1A,W,16,PMLE,,,NK296003,N,V,155,70,22,15,18.1,M,SA,NS,
csm08,1,2017,6/27/17,R1A,W,4,SIHI,,,NK269999,N,V,223,89,28,13,75.3,M,A,S,
csm08,1,2017,6/27/17,R1A,W,12,SIHI,,,NK270000,N,V,236,95,29,19,88.3,M,A,S,
csm08,1,2017,6/27/17,R1A,W,15,SIHI,,,NK296001,N,V,222,91,29,16,82.7,M,A,S,
csm08,1,2017,6/27/17,R1A,W,12,SIHI,,,NK296002,N,V,210,91,29,16,65.3,F,A,CSN,
csm08,1,2017,6/27/17,R20A,E,5,BLHY,,,NK269991,N,V,102,20,12,,9.5,F,A,OSN,
csm08,1,2017,6/27/17,R20A,E,18,BLHY,,,NK269992,N,V,104,20,13,,10.6,F,A,OSN,
csm08,1,2017,6/27/17,R20A,W,12,BLHY,,,NK269993,N,V,104,21,14,,11.9,M,A,NS,
csm08,1,2017,6/27/17,R20A,E,12,PMLE,,,NK296004,N,V,154,63,20,14,25.3,F,A,CSN,
csm08,1,2017,6/27/17,R20A,E,20,PMLE,,,NK296006,N,V,155,75,22,16,28.1,M,A,S,
csm08,1,2017,6/27/17,R20A,E,8,PMLE,,,NK296009,N,V,165,71,22,16,29.6,M,A,S,
csm08,1,2017,6/27/17,R20A,E,9,SIHI,,,NK296005,N,V,211,84,28,15,58.5,F,A,CSN,
csm08,1,2017,6/27/17,R20A,E,2,SIHI,,,NK296007,N,V,268,98,28,16,140.8,M,A,NS,
csm08,1,2017,6/27/17,R20A,E,13,SIHI,,,NK296008,N,V,295,122,32,20,139.5,F,A,OEL,
csm08,1,2017,6/27/17,R20A,E,5,SIHI,,,NK296010,N,V,288,115,33,17,211.8,M,A,S,
csm08,1,2017,6/27/17,R20A,E,3,SIHI,,,NK296011,N,V,202,89,27,15,57.6,F,JUV,CSN,
csm08,1,2017,6/27/17,R20A,E,3,SIHI,,,NK296012,N,V,206,90,29,14,65,M,SA,NS,
csm08,1,2017,6/27/17,R20A,E,20,SIHI,,,NK296013,N,V,198,84,27,15,53.9,M,SA,S,
csm08,1,2017,6/27/17,R20A,E,4,SIHI,,,NK296014,N,V,183,73,27,14,41,F,JUV,CSN,
csm08,1,2017,6/27/17,R20A,E,4,SIHI,,,NK296015,N,V,210,90,29,14,67.9,M,A,S,
csm08,1,2017,6/27/17,SuB,W,14,PMLE,,,NK269995,N,V,172,75,21,15,28.4,F,A,CEL,
csm08,1,2017,6/27/17,SuB,W,14,PMLE,,,NK269996,N,V,170,77,22,16,22.1,M,A,NS,
csm08,1,2017,6/27/17,SuB,W,15,PMLE,,,NK269997,N,V,157,68,21,15,18.8,M,A,S,
csm08,1,2017,6/28/17,1D,W,13,MIOC,,,NK296016,N,V,153,34,19,11,35.7,F,A,CSN,
csm08,1,2017,6/28/17,1D,W,1,PMMA,,,NK296017,N,V,130,49,17,10,13.4,M,SA,NS,
csm08,1,2017,6/28/17,1D,W,16,PMMA,,,NK296018,N,V,138,54,29,14,13.2,M,A,S,
csm08,1,2017,6/28/17,1D,W,17,PMMA,,,NK296019,N,V,131,42,19,14,18.5,M,A,S,
csm08,1,2017,6/28/17,R1A,W,19,MIOC,,,NK296052,N,V,149,29,19,12,37.1,M,A,S,
csm08,1,2017,6/28/17,R1A,W,14,MIOC,,,NK296055,N,V,151,28,18,12,45.5,M,A,S,
csm08,1,2017,6/28/17,R1A,W,15,PMLE,,,NK296050,N,V,191,89,21,17,32.9,F,A,OEN,
csm08,1,2017,6/28/17,R1A,W,19,PMLE,,,NK296053,N,V,187,79,21,16,28.7,M,A,S,
csm08,1,2017,6/28/17,R1A,W,2,PMMA,,,NK296043,N,V,148,68,18,15,15.7,M,A,S,
csm08,1,2017,6/28/17,R1A,W,2,PMMA,,,NK296049,N,V,157,64,18,16,15.2,F,SA,CSN,
csm08,1,2017,6/28/17,R1A,W,20,SIHI,,,NK296044,N,V,227,94,29,16,87.8,M,A,S,
csm08,1,2017,6/28/17,R1A,W,8,SIHI,,,NK296045,N,V,219,87,27,16,62.7,F,SA,OEN,
csm08,1,2017,6/28/17,R1A,W,20,SIHI,,,NK296046,N,V,204,91,26,13,53,M,SA,S,
csm08,1,2017,6/28/17,R1A,W,5,SIHI,,,NK296047,N,V,212,89,27,17,62.1,M,SA,S,
csm08,1,2017,6/28/17,R1A,W,8,SIHI,,,NK296048,N,V,199,17,33,17,207.5,M,A,S,
csm08,1,2017,6/28/17,R1A,W,16,SIHI,,,NK296051,N,V,242,94,29,18,99.5,F,A,CEN,
csm08,1,2017,6/28/17,R1A,W,10,SIHI,,,NK296054,N,V,269,110,30,21,123.2,M,A,S,
csm08,1,2017,6/28/17,R20A,E,9,NEFL,,,NK296022,N,V,345,151,36,27,241.4,M,A,S,
csm08,1,2017,6/28/17,R20A,E,4,PMLE,,,NK296027,N,V,181,79,22,17,26.7,M,A,S,
csm08,1,2017,6/28/17,R20A,E,3,SIHI,,,NK296020,N,V,239,55,31,21,185.1,M,A,S,
csm08,1,2017,6/28/17,R20A,E,12,SIHI,,,NK296021,N,V,201,87,27,16,45.9,F,SA,CSN,
csm08,1,2017,6/28/17,R20A,E,19,SIHI,,,NK296023,N,V,204,86,27,16,47.1,F,SA,CSN,
csm08,1,2017,6/28/17,R20A,E,20,SIHI,,,NK296024,N,V,212,91,27,18,72.5,M,SA,S,
csm08,1,2017,6/28/17,R20A,E,10,SIHI,,,NK296025,N,V,276,117,29,21,179.6,M,A,S,
csm08,1,2017,6/28/17,R20A,E,8,SIHI,,,NK296026,N,V,223,104,32,19,96.9,M,A,S,
csm08,1,2017,6/28/17,R20A,E,8,SIHI,,,NK296028,N,V,261,108,31,19,96.5,M,A,S,
csm08,1,2017,6/28/17,R20A,E,10,SIHI,,,NK296029,N,V,211,89,28,18,68.5,F,A,CSN,
csm08,1,2017,6/28/17,R20A,E,20,SIHI,,,NK296030,N,V,209,91,27,21,55.8,F,A,CSN,
csm08,1,2017,6/28/17,R20A,E,5,SIHI,,,NK296031,N,V,209,87,27,18,55.2,M,SA,S,
csm08,1,2017,6/28/17,R20A,E,7,SIHI,,,NK296032,N,V,193,82,26,18,42.9,F,SA,?,
csm08,1,2017,6/28/17,R20A,E,2,SIHI,,,NK296033,N,V,216,85,27,17,59.3,M,SA,S,
csm08,1,2017,6/28/17,R20A,E,4,SIHI,,,NK296034,N,V,266,110,28,19,126.6,F,A,CEN,
csm08,1,2017,6/28/17,R20A,E,12,SIHI,,,NK296035,N,V,146,59,21,14,17.6,F,JUV,CSN,
csm08,1,2017,6/28/17,R20A,E,13,SIHI,,,NK296036,N,V,219,97,27,17,56.5,M,A,S,
csm08,1,2017,6/28/17,R20A,E,15,SIHI,,,NK296056,N,V,268,104,32,21,171.5,M,A,S,
csm08,1,2017,6/28/17,R20A,E,1,SIHI,,,NK296057,N,V,181,75,24,16,34,F,JUV,CSN,
csm08,1,2017,6/28/17,R20A,E,7,SIHI,,,NK296058,N,V,123,51,20,14,12.6,F,JUV,CSN,
csm08,1,2017,6/28/17,SuB,W,4,MIOC,,,NK296037,N,V,149,33,20,13,46.5,F,A,?,
csm08,1,2017,6/28/17,SuB,W,15,PMLE,,,NK296040,N,V,167,74,21,18,28.7,M,A,S,
csm08,1,2017,6/28/17,SuB,W,14,SIHI,,,NK296038,N,V,228,109,29,17,76.8,M,A,S,
csm08,1,2017,6/28/17,SuB,W,13,SIHI,,,NK296039,N,V,259,110,26,19,157.3,M,A,S,
csm08,1,2017,6/28/17,SuB,W,15,SIHI,,,NK296041,N,V,278,116,30,19,149.2,F,A,OEL,
csm08,1,2017,6/28/17,SuB,W,14,SIHI,,,NK296042,N,V,218,108,29,13,66,M,SA,S,
csm08,1,2017,6/29/17,1D,W,19,MIOC,,,NK296071,N,V,141,37,19,17,35.2,M,A,S,
csm08,1,2017,6/29/17,1D,W,15,PMMA,,,NK296070,N,V,134,54,19,15,17.4,M,A,S,
csm08,1,2017,6/29/17,R1A,W,16,CHHI,,,NK296084,N,V,171,86,23,11,20.8,F,SA,CSN,
csm08,1,2017,6/29/17,R1A,W,7,MIOC,,,NK296081,N,V,159,36,19,19,44.4,F,A,OEL,
csm08,1,2017,6/29/17,R1A,W,19,MIOC,,,NK296083,N,V,157,33,20,14,44,F,A,OEN,
csm08,1,2017,6/29/17,R1A,W,14,PMLE,,,NK296075,N,V,159,68,21,16,23.6,F,A,CSN,
csm08,1,2017,6/29/17,R1A,W,16,PMLE,,,NK296076,N,V,185,82,22,17,33.7,M,A,S,
csm08,1,2017,6/29/17,R1A,W,2,PMMA,,,NK296085,N,V,143,54,18,14,15.7,M,SA,S,
csm08,1,2017,6/29/17,R1A,W,1,PMMA,,,NK296086,N,V,143,59,18,19,19.3,M,SA,S,
csm08,1,2017,6/29/17,R1A,W,10,SIHI,,,NK296072,N,V,239,94,28,18,74.1,F,A,OSN,
csm08,1,2017,6/29/17,R1A,W,5,SIHI,,,NK296073,N,V,271,114,31,21,136.7,F,A,CSN,
csm08,1,2017,6/29/17,R1A,W,10,SIHI,,,NK296074,N,V,276,116,30,21,151,M,A,S,
csm08,1,2017,6/29/17,R1A,W,3,SIHI,,,NK296077,N,V,239,102,29,19,97.3,M,A,S,
csm08,1,2017,6/29/17,R1A,W,12,SIHI,,,NK296078,N,V,244,104,29,19,87.7,M,A,S,
csm08,1,2017,6/29/17,R1A,W,2,SIHI,,,NK296079,N,V,231,108,28,18,71.7,M,A,S,
csm08,1,2017,6/29/17,R1A,W,11,SIHI,,,NK296080,N,V,224,103,28,18,63.9,F,A,OSN,
csm08,1,2017,6/29/17,R1A,W,19,SIHI,,,NK296082,N,V,217,86,28,17,59.7,M,A,S,
csm08,1,2017,6/29/17,R20A,E,16,BLHY,,,NK296059,N,V,104,19,14,9,16.1,M,A,S,
csm08,1,2017,6/29/17,R20A,E,11,PMLE,,,NK296067,N,V,162,74,22,18,19.9,F,SA,OSN,
csm08,1,2017,6/29/17,R20A,E,2,SIHI,,,NK296060,N,V,280,111,29,20,140.4,F,A,CEL,
csm08,1,2017,6/29/17,R20A,E,7,SIHI,,,NK296061,N,V,261,107,29,19,129.1,F,A,CEL,
csm08,1,2017,6/29/17,R20A,E,5,SIHI,,,NK296062,N,V,209,87,28,18,54.2,M,SA,S,
csm08,1,2017,6/29/17,R20A,E,13,SIHI,,,NK296063,N,V,211,86,27,17,53.2,M,SA,S,
csm08,1,2017,6/29/17,R20A,E,15,SIHI,,,NK296064,N,V,203,84,26,17,55.3,M,?,S,
csm08,1,2017,6/29/17,R20A,E,1,SIHI,,,NK296065,N,V,184,79,26,14,37.4,F,SA,CSN,
csm08,1,2017,6/29/17,R20A,E,20,SIHI,,,NK296066,N,V,155,62,24,14,21.3,M,JUV,S,
csm08,1,2017,6/29/17,R20A,E,6,SIHI,,,NK296068,N,V,198,78,26,17,47.8,M,SA,S,
csm08,1,2017,6/29/17,SuB,W,13,SIHI,,,NK296069,N,V,259,105,28,20,127.2,F,A,CEL,
csm08,1,2017,6/30/17,1D,W,19,MIOC,,,NK296091,N,V,121,24,19,12,29.5,F,SA,CEN,
csm08,1,2017,6/30/17,1D,W,9,MIOC,,,NK296092,N,V,152,33,21,16,56.8,F,A,OEN,
csm08,1,2017,6/30/17,1D,W,9,MIOC,,,NK296093,N,V,119,23,17,12,16.9,F,JUV,CSN,
csm08,1,2017,6/30/17,1D,W,1,PMMA,,,NK296090,N,V,134,49,18,19,15.5,M,SA,S,
csm08,1,2017,6/30/17,R1A,W,15,MIOC,,,NK296102,N,V,134,26,18,13,36.7,F,A,OSN,
csm08,1,2017,6/30/17,R1A,W,13,MIOC,,,NK296103,N,V,110,14,17,13,19,F,JUV,CSN,
csm08,1,2017,6/30/17,R1A,W,2,SIHI,,,NK296094,N,V,271,109,32,19,155.3,F,A,OEN,
csm08,1,2017,6/30/17,R1A,W,3,SIHI,,,NK296095,N,V,227,106,29,19,67.4,M,A,S,
csm08,1,2017,6/30/17,R1A,W,8,SIHI,,,NK296096,N,V,213,91,27,17,46.8,F,SA,CSN,
csm08,1,2017,6/30/17,R1A,W,12,SIHI,,,NK296097,N,V,241,109,30,20,101.7,M,A,S,
csm08,1,2017,6/30/17,R1A,W,14,SIHI,,,NK296098,N,V,273,108,31,22,189.7,M,A,S,
csm08,1,2017,6/30/17,R1A,W,15,SIHI,,,NK296099,N,V,208,84,27,18,67.1,F,A,CSN,
csm08,1,2017,6/30/17,R1A,W,20,SIHI,,,NK296100,N,V,211,83,26,18,55,F,A,CSN,
csm08,1,2017,6/30/17,R1A,W,12,SIHI,,,NK296101,N,V,217,86,29,18,67.2,M,A,S,
csm08,1,2017,6/30/17,R20A,E,4,SIHI,,,NK296104,N,V,220,94,30,18,56,F,SA,CSN,
csm08,1,2017,6/30/17,R20A,E,8,SIHI,,,NK296105,N,V,279,116,33,20,135,M,A,S,
csm08,1,2017,6/30/17,R20A,E,3,SIHI,,,NK296106,N,V,249,101,29,22,120,F,A,CEL,
csm08,1,2017,6/30/17,R20A,E,20,SIHI,,,NK296107,N,V,246,91,27,21,135,M,A,S,
csm08,1,2017,6/30/17,R20A,E,10,SIHI,,,NK296108,N,V,271,109,30,21,125,F,A,OEL,
csm08,1,2017,6/30/17,R20A,E,18,SIHI,,,NK296109,N,V,151,68,23,15,19,F,JUV,CSN,
csm08,1,2017,6/30/17,R20A,E,7,SIHI,,,NK296110,N,V,129,51,20,19,14.5,F,JUV,CSN,
csm08,1,2017,6/30/17,SuB,W,13,MIOC,,,NK296088,N,V,164,33,20,13,44.6,M,A,S,
csm08,1,2017,6/30/17,SuB,W,12,MIOC,,,NK296089,N,V,116,28,19,13,22.5,F,SA,CSN,
csm08,1,2017,6/30/17,SuB,W,5,SIHI,,,NK296087,N,V,211,90,29,18,51.5,M,SA,S,
csm08,1,2018,7/10/18,1D,E,13,PMMA,585,,,N,R,,55,19,,14.6,F,A,CSN,
csm08,1,2018,7/10/18,1D,E,8,PMMA,561,,,N,R,,57,18,,15,M,A,NS,
csm08,1,2018,7/10/18,1D,E,10,PMMA,512,,,N,R,,57,18,,13.5,F,A,CSN,
csm08,1,2018,7/10/18,1D,E,13,PMMA,582,,,N,R,,55,19,,14.6,F,A,CSN,
csm08,1,2018,7/10/18,4B,W,13,NEFL,506,,,N,R,,165,40,,300,F,A,CSN,
csm08,1,2018,7/10/18,4B,W,14,NEFL,581,,,N,R,,149,38,,280,F,A,CSN,
csm08,1,2018,7/10/18,4B,W,13,PMLE,585,,,N,R,,78,22,,19,F,A,CSN,
csm08,1,2018,7/10/18,4F,W,20,PMLE,516,,,N,R,,77,23,,30,M,A,S,
csm08,1,2018,7/10/18,SuB,E,8,PMLE,590,,,N,R,,70,22,,18,F,A,CSN,
csm08,1,2018,7/11/18,1D,E,5,PMMA,538,,,N,R,,56,18,,17,N,,,
csm08,1,2018,7/11/18,1D,E,8,PMMA,518,,,N,R,,57,20,,15,F,A,CSN,
csm08,1,2018,7/11/18,1D,E,14,PMMA,530,,,Y,R,,58,18,,,M,A,NS,
csm08,1,2018,7/11/18,1D,E,13,PMMA,582,,,Y,R,,,,,,F,A,,
csm08,1,2018,7/11/18,1D,E,10,PMMA,512,,,Y,R,,,,,,F,A,,
csm08,1,2018,7/11/18,4B,W,4,NEFL,584,,,N,R,,76,29,,49,F,J,CSN,
csm08,1,2018,7/11/18,4B,W,13,PMLE,585,,,Y,R,,,,,,F,,,
csm08,1,2018,7/12/18,1D,E,14,PMMA,520,,,N,R,,58,18,,16.8,M,A,NS,
csm08,1,2018,7/12/18,1D,E,10,PMMA,512,,,Y,R,,,,,,F,A,,
csm08,1,2018,7/12/18,1D,E,4,PMMA,538,,,Y,R,,,,,17.2,M,A,S,
csm08,1,2018,7/12/18,1D,E,8,PMMA,518,,,Y,R,,,,,,F,A,,
csm08,1,2018,7/12/18,4B,W,13,PMLE,585,,,Y,R,,,,,,F,A,,
csm08,1,2018,7/13/18,1D,E,20,PMMA,,,,N,V,,,,,,N,,,
csm08,1,2018,7/13/18,1D,E,5,PMMA,518,,,Y,R,,,,,,F,A,,
csm08,1,2018,7/13/18,1D,E,11,PMMA,512,,,Y,R,,,,,,N,,,
csm08,1,2018,7/13/18,1D,E,10,PMMA,530,,,Y,R,,,,,,M,A,,
csm08,1,2018,7/13/18,1D,E,14,PMMA,520,,,Y,R,,,,,,M,A,,
csm08,1,2018,7/13/18,1D,E,4,PMMA,538,,,Y,R,,,,,,M,A,,
csm08,1,2018,7/13/18,1D,E,10,PMMA,,,NK296213,N,V,135,59,9,19,13.3,M,A,S,
csm08,1,2018,7/13/18,4B,W,4,NEFL,506,,,Y,R,,,,,,F,A,,
csm08,1,2018,7/13/18,4B,W,14,PMLE,585,,,Y,R,,,,,,F,A,,
csm08,1,2018,7/13/18,4F,W,20,PMLE,576,,,Y,R,,,,,,N,,,
csm08,1,2018,7/13/18,SuB,E,16,MIOC,,,,N,V,,,,,,N,,,
csm08,1,2018,7/13/18,SuB,E,10,MIOC,,,NK296215,N,V,117,26,8,18,23.3,M,A,S,
csm08,1,2018,7/13/18,SuB,E,15,PMMA,,,,N,V,,,,,,N,,,
csm08,1,2018,7/13/18,SuB,E,10,PMMA,,,NK296214,N,V,114,50,10,17,11.1,F,A,CSN,
csm08,1,2018,7/17/18,1D,W,20,MIOC,,,NK296191,N,V,142,33,11,18,33.2,M,A,S,
csm08,1,2018,7/17/18,1D,W,18,PMMA,,,NK296192,N,V,131,54,13,18,16.5,M,A,NS,
csm08,1,2018,7/17/18,1D,W,19,PMMA,,,NK296194,N,V,124,51,14,18,18.8,M,A,S,
csm08,1,2018,7/17/18,1D,W,3,PMMA,,,NK296195,N,V,151,54,12,19,13.1,F,A,CSN,
csm08,1,2018,7/17/18,1D,W,10,PMMA,,,NK296196,N,V,137,60,11,18,18.8,M,A,S,
csm08,1,2018,7/17/18,20B,E,16,PMLE,,,NK296226,N,V,156,81,11,21,23.6,M,A,S,
csm08,1,2018,7/17/18,R1A,W,6,PMLE,,,NK296227,N,V,172,72,12,22,25.1,M,A,NS,
csm08,1,2018,7/17/18,R1A,W,12,SIHI,,,NK296230,N,V,258,94,19,30,177.5,M,A,S,
csm08,1,2018,7/17/18,R20A,E,12,NEFL,,,NK296197,N,V,264,115,21,36,134.8,F,A,CSN,
csm08,1,2018,7/17/18,R20A,E,7,SIHI,,,NK296198,N,V,245,140,15,31,161.8,M,A,S,
csm08,1,2018,7/17/18,R20A,E,5,SIHI,,,NK296199,N,V,230,98,17,29,112.5,F,A,OEN,
csm08,1,2018,7/17/18,SuB,W,14,NEFL,,,NK296193,N,V,280,132,22,35,183.9,F,A,OSN,
csm08,1,2018,7/18/18,1D,W,10,PMMA,,,NK296200,N,V,129,55,12,19,12.9,F,A,CSN,
csm08,1,2018,7/18/18,R1A,W,13,SIHI,,,NK296205,N,V,257,119,17,31,147.7,F,A,CSN,
csm08,1,2018,7/18/18,R1A,W,14,SIHI,,,NK296206,N,V,237,99,15,30,203.8,M,A,S,
csm08,1,2018,7/18/18,R20A,E,10,NEFL,,,NK296204,N,V,260,130,21,36,140.8,M,A,S,
csm08,1,2018,7/18/18,R20A,E,15,SIHI,,,NK296201,N,V,220,140,14,33,87.1,M,A,S,
csm08,1,2018,7/18/18,R20A,E,14,SIHI,,,NK296202,N,V,194,83,14,27,45,F,Juv,CSN,
csm08,1,2018,7/18/18,R20A,E,8,SIHI,,,NK296203,N,V,237,107,12,32,110.2,M,A,S,
csm08,1,2018,7/19/18,1D,W,12,PMMA,,,NK296207,N,V,137,62,12,19,15.8,M,A,S,
csm08,1,2018,7/19/18,1D,W,18,PMMA,,,NK296208,N,V,127,55,11,18,13,F,A,CSN,
csm08,1,2018,7/19/18,1D,W,17,PMMA,,,NK296209,N,V,118,54,11,18,12.4,M,A,S,
csm08,1,2018,7/19/18,R1A,W,17,PMLE,,,NK296210,N,V,165,78,13,22,27.9,M,A,S,
csm08,1,2018,7/19/18,R1A,W,10,SIHI,,,NK296211,N,V,225,93,14,32,71.1,M,A,S,
csm08,1,2018,7/19/18,R20A,E,15,SIHI,,,NK296212,N,V,225,95,16,30,93.3,F,A,CSN,Pregnant
csm08,1,2018,7/20/18,R20A,W,17,PMLE,,,NK296218,N,V,132,65,12,19,15.2,F,A,CSN,
csm08,1,2018,7/20/18,SuB,W,14,PMLE,,,NK296216,N,V,152,73,13,22,18.4,F,A,CSN,
csm08,1,2018,7/20/18,SuB,W,6,SIHI,,,NK296217,N,V,220,88,14,28,65.2,F,A,CSN,
csm08,1,2018,7/24/18,20B,E,14,NEFL,552,,,N,R,,148,37,,202,F,A,CSN,BOTFLY
csm08,1,2018,7/24/18,20B,E,20,SIHI,521,,,N,R,,85,29,,58,F,SA,CSN,
csm08,1,2018,7/24/18,R1A,E,5,NEFL,575,,,N,R,,135,34,,199,F,A,CSN,
csm08,1,2018,7/24/18,R1A,E,12,PMLE,,,,N,V,,,,,,N,,,
csm08,1,2018,7/24/18,R1A,E,18,PMLE,,,,N,V,,,,,,N,,,
csm08,1,2018,7/24/18,R1A,E,18,PMLE,,,NK296237,N,V,164,73,11,22,22.3,F,A,CSN,
csm08,1,2018,7/24/18,R1A,E,12,PMLE,,,NK296249,N,V,180,81,11,22,27.4,M,A,NS,
csm08,1,2018,7/24/18,R1A,E,7,SIHI,,,,N,V,,,,,,N,,,
csm08,1,2018,7/24/18,R1A,E,14,SIHI,,,,N,V,,,,,,N,,,
csm08,1,2018,7/24/18,R1A,E,14,SIHI,,,NK296228,N,V,236,97,11,32,95.9,M,A,S,
csm08,1,2018,7/24/18,R1A,E,7,SIHI,,,NK296241,N,V,272,130,16,30,171.7,M,A,NS,
csm08,1,2018,7/24/18,SpB,E,7,SIHI,524,,,N,R,,98,29,,63,F,SA,CSN,
csm08,1,2018,7/25/18,20B,E,19,PMLE,532,,,N,R,,85,22,,23,M,A,NS,
csm08,1,2018,7/25/18,20B,E,8,PMLE,534,,,N,R,,77,21,,25,M,A,NS,
csm08,1,2018,7/25/18,R1A,E,5,NEFL,556,,,N,R,,135,37,,150,M,A,NS,
csm08,1,2018,7/25/18,R1A,E,6,NEFL,598,,,N,R,,148,36,,220,F,A,OSN,
csm08,1,2018,7/25/18,R1A,E,11,PMLE,,,,N,V,,,,,,N,,,
csm08,1,2018,7/25/18,R1A,E,11,PMLE,,,NK296235,N,V,170,75,13,22,25.8,M,A,NS,
csm08,1,2018,7/25/18,R1A,E,12,SIHI,,,,N,V,,,,,,N,,,
csm08,1,2018,7/25/18,R1A,E,16,SIHI,,,,N,V,,,,,,N,,,
csm08,1,2018,7/25/18,R1A,E,12,SIHI,,,NK296229,N,V,282,102,18,30,160.8,M,A,S,
csm08,1,2018,7/25/18,R1A,E,16,SIHI,,,NK296244,N,V,238,99,15,29,85.8,F,SA,CSN,
csm08,1,2018,7/25/18,SpB,E,8,SIHI,519,,,N,R,,110,30,,96,M,A,NS,
csm08,1,2018,7/25/18,SpB,E,8,SIHI,524,,,Y,R,,,,,,N,,,
csm08,1,2018,7/26/18,20B,E,10,PMLE,555,,,Y,R,,,,,,N,,,
csm08,1,2018,7/26/18,20B,E,9,PMLE,534,,,Y,R,,,,,,N,,,
csm08,1,2018,7/26/18,20B,E,12,SIHI,527,,,N,R,,102,31,,170,M,A,S,
csm08,1,2018,7/26/18,R1A,E,8,MIOC,,,,N,V,,,,,,N,,,
csm08,1,2018,7/26/18,R1A,E,8,MIOC,,,NK296238,N,V,153,32,9,19,45.6,M,A,S,
csm08,1,2018,7/26/18,R1A,E,12,NEFL,,,,N,R,,,,,,N,,,
csm08,1,2018,7/26/18,R1A,E,5,NEFL,556,,,Y,R,,,,,,N,,,
csm08,1,2018,7/26/18,R1A,E,3,SIHI,,,,N,V,,,,,,N,,,
csm08,1,2018,7/26/18,R1A,E,4,SIHI,,,,N,V,,,,,,N,,,
csm08,1,2018,7/26/18,R1A,E,6,SIHI,,,,N,V,,,,,,N,,,
csm08,1,2018,7/26/18,R1A,E,3,SIHI,,,NK296239,N,V,266,108,15,31,180.1,F,A,CSN,Pregnant
csm08,1,2018,7/26/18,R1A,E,6,SIHI,,,NK296240,N,V,260,90,15,31,207.3,M,A,NS,
csm08,1,2018,7/26/18,R1A,E,4,SIHI,,,NK296246,N,V,234,99,14,32,99.8,M,A,S,
csm08,1,2018,7/26/18,SpB,E,7,SIHI,524,,,Y,R,,,,,,F,SA,,
csm08,1,2018,7/26/18,SpB,E,7,SIHI,519,,,Y,R,,,,,,M,A,,
csm08,1,2018,7/27/18,20B,E,14,NEFL,582,,,Y,R,,,,,,N,,,
csm08,1,2018,7/27/18,20B,E,16,PMLE,,,,N,V,,,,,,N,,,
csm08,1,2018,7/27/18,20B,E,16,PMLE,555,,,Y,V,,,,,,N,,,
csm08,1,2018,7/27/18,20B,E,16,PMLE,,,NK296225,N,V,165,67,12,21,25.3,M,A,S,
csm08,1,2018,7/27/18,R1A,E,5,NEFL,513,,,N,R,,158,40,,251,M,A,NS,
csm08,1,2018,7/27/18,R1A,E,6,PMLE,,,,N,V,,,,,,N,,,
csm08,1,2018,7/27/18,R1A,E,7,SIHI,535,,,N,R,,92,32,,150,F,A,CSN,
csm08,1,2018,7/27/18,R1A,E,12,SIHI,,,,N,V,,,,,,N,,,
csm08,1,2018,7/27/18,R20A,W,8,SIHI,521,,,N,R,,115,31,,150,F,A,CSN,
csm08,1,2018,7/27/18,R20A,W,3,SIHI,556,,,N,R,,90,28,,101,F,A,CSN,
csm08,1,2018,7/27/18,SpB,E,19,PMMA,,4001,,N,R,,,,,,M,A,NS,NEON
csm08,1,2018,7/27/18,SpB,E,18,PMMA,539,,,N,R,,59,19,,19,M,A,NS,
csm08,1,2018,7/27/18,SpB,E,7,SIHI,519,,,Y,R,,,,,,N,,,
csm08,1,2018,7/27/18,SpB,E,8,SIHI,524,,,Y,R,,,,,,N,,,
csm08,1,2018,7/31/18,20B,W,6,PMLE,,,NK296236,N,V,169,72,12,21,28.5,M,A,S,
csm08,1,2018,7/31/18,20B,W,7,PMLE,,,NK296247,N,V,171,78,11,21,25.8,M,A,S,
csm08,1,2018,7/31/18,20B,W,5,SIHI,,,NK296245,N,V,194,82,12,28,48.4,F,Juv,CSN,
csm08,1,2018,7/31/18,4B,E,19,PMLE,,,NK296248,N,V,173,81,13,22,31,M,A,S,
csm08,1,2018,8/1/18,20B,W,1,PMLE,,,NK296223,N,V,173,82,14,22,25.8,M,A,S,
csm08,1,2018,8/1/18,20B,W,16,PMLE,,,NK296224,N,V,181,93,12,22,32.1,M,A,S,
csm08,1,2018,8/1/18,20B,W,5,SIHI,,,NK296220,N,V,216,97,14,29,52.2,F,A,CSN,
csm08,1,2018,8/1/18,20B,W,5,SIHI,,,NK296221,N,V,254,120,15,31,91.8,M,A,S,
csm08,1,2018,8/1/18,20B,W,10,SIHI,,,NK296222,N,V,278,122,16,32,133,M,A,NS,
csm08,1,2018,8/1/18,SpB,W,3,PMMA,,,NK296219,N,V,131,54,12,18,12.4,F,A,CSN,
csm08,1,2018,8/2/18,20B,W,20,NEFL,,,NK296232,N,V,342,153,21,39,199.6,M,A,S,
csm08,1,2018,8/2/18,20B,W,13,NEFL,,,NK296233,N,V,337,141,30,40,226.4,F,A,OSN,Pregnant
csm08,1,2018,8/2/18,20B,W,8,PMLE,,,NK296231,N,V,170,78,19,21,26.3,F,A,CSN,
csm08,1,2018,8/2/18,20B,W,17,PMLE,,,NK296234,N,V,173,75,14,21,30.6,M,A,S,
csm08,1,2018,8/3/18,20B,W,16,NEFL,,,NK296243,N,V,298,131,21,31,144.2,F,A,OSN,
csm08,1,2018,8/3/18,20B,W,18,PMLE,,,NK296242,N,V,187,87,15,23,29.4,M,A,S,